load,mean_size,mean_interval,start_time,end_time,flow_num
7144.993679396238,4593.666666666667,0.6512706496498801,0.0,50.14784002304077,78
49.084194781744785,1123.319526627219,23.02178852898734,0.0,3867.660472869873,169
12.63954553440807,210.0043103448276,16.68678825035756,0.0,3854.648085832596,232
1269.6510292576456,11835.221288515406,9.34781764330489,0.0,3327.8230810165405,357
1.3451711053431232,72.04166666666667,54.310070843763754,0.0,3856.0150299072266,72
884.0501457052846,15426.765957446809,17.637738353462627,0.0,1640.3096668720243,94
770.4850067264657,12042.26976744186,15.702501606718402,0.0,3360.335343837738,215
1811.6787657357852,9793.612903225807,5.4308489395512485,0.0,1173.0633709430697,217
9.953992964475646,271.7685950413223,27.529990659157434,0.0,3303.598879098892,121
31.595403545438856,968.4137931034483,31.188191894899333,0.0,1777.726938009262,58
31.238576488322717,1538.972602739726,49.94937022195922,0.0,3596.354655981064,73
2271.0401284859786,16320.619883040936,7.228680516691769,0.0,1228.8756878376007,171
18165.43820129893,24156.38888888889,1.3485289728137808,0.0,95.74555706977844,72
1609.2857532985008,12406.044554455446,7.747391129014504,0.0,1557.2256169319153,202
8485.94783558841,12528.024915062288,1.4768834648895837,0.0,3910.7874150276175,2649
2544.212806208083,23567.147826086955,9.303491074966031,0.0,2130.499456167221,230
1694.712576876733,7203.366319444444,4.257886565249899,0.0,2448.284775018692,576
8.022597597626689,473.9384615384615,59.998491030186415,0.0,3839.9034259319305,65
257.8028163440975,7901.775862068966,31.18819112526743,0.0,1777.7268941402435,58
706.8829095839943,6441.717741935484,9.137412681733823,0.0,3389.9801049232483,372
104.30475836414364,5819.695652173913,56.6156281302957,0.0,3849.8627128601074,69
2488.911586932576,2108.909090909091,0.855095412753044,0.0,93.2053999900818,110
379.8141297687161,6198.92050209205,16.389507126407462,0.0,3900.702696084976,239
3648.465399559026,16344.20588235294,4.489179132361161,0.0,2132.3600878715515,476
824.8023991979003,11991.768240343348,14.601626896652682,0.0,3387.5774400234222,233
14.575712278672702,66.60233918128655,4.574756045810512,0.0,3906.841663122177,855
54.678779522901806,2677.025641025641,49.59496593475342,0.0,3818.812376976013,78
4.140841760538078,181.08333333333334,44.25792407414999,0.0,3673.4076981544495,84
2669.933994558291,16797.062992125986,6.341120436078026,0.0,798.9811749458313,127
2280.1636942895298,8849.651515151516,3.940857414098886,0.0,256.1557319164276,66
1173.7118124964768,11752.91150442478,10.043081535390144,0.0,3394.5615589618683,339
106647.38547413779,157446.30086825218,1.4768834579567174,0.0,3910.787396669388,2649
9769.770256168378,8851.592592592593,0.923113188653622,0.0,48.92499899864197,54
1216.3342235735856,1452.090909090909,1.2016283608729543,0.0,183.849139213562,154
16.12609435807225,491.20754716981133,30.7505154859452,0.0,3228.804126024246,106
2111.4620439201667,38191.723809523806,18.261731028556824,0.0,1899.2200269699097,105
531.8293787177923,6095.287390029325,11.494691625763389,0.0,3908.195152759552,341
386.2127817593348,11866.20588235294,31.183104241072243,0.0,2089.26798415184,68
9104.831302996314,14705.16883116883,1.6363463966470015,0.0,124.36232614517212,77
189.0127486490899,9529.253333333334,51.09722543084943,0.0,3781.194681882858,75
3760.1352673034685,4184.788461538462,1.1347578834084904,0.0,57.87265205383301,52
228.02765888238144,1208.6478873239437,5.376164855275835,0.0,376.3315398693085,71
219.108628015726,6748.176,31.04668600136234,0.0,3849.78906416893,125
98.17401711652398,1070.8185053380782,10.946306249925069,0.0,3064.965749979019,281
2.805832000547976,143.3684210526316,51.77786837259927,0.0,3883.3401279449454,76
709.7781448680739,1836.65,2.6039140134487506,0.0,414.0223281383514,160
65.41834867877577,1090.2916666666667,16.841886768842997,0.0,1599.9792430400848,96
550.5452777961224,2297.780821917808,4.202429263345127,0.0,609.3522431850433,146
13.604817337016208,724.3962264150944,54.26952121349481,0.0,2822.0151031017303,53
1592.740145472837,11969.613065326634,7.553062369125059,0.0,1495.5063490867617,199
11.310618570328623,82.79789473684211,7.335812212545661,0.0,3477.174988746643,475
11188.32051385901,9303.013513513513,0.8428836162776163,0.0,61.53050398826599,74
13313.81403439761,627401.6341463415,47.705888913001544,0.0,3864.177001953125,82
12522.847938813671,11409.069306930693,0.9201708793640135,0.0,92.01708793640135,101
1402.4212471646854,1692.6626506024097,1.22167635545498,0.0,100.17746114730836,83
60.04143422962634,676.1696969696969,11.330386951202298,0.0,1858.183459997177,165
1622.8711487608557,8034.072072072072,4.995534671436657,0.0,549.5088138580322,111
473.98343044127193,26415.6,56.60185995325446,0.0,3622.5190370082855,65
69.04009340938995,673.6272189349113,9.785996504282739,0.0,3297.880821943283,338
421.81757257423135,1637.1363636363637,3.9408578139085035,0.0,256.15575790405273,66
19.33326388299031,1354.2264150943397,71.39349253819537,0.0,3712.46161198616,53
598.5744798296582,16105.471428571429,27.09994942335774,0.0,3766.8929698467255,140
25.852818542525856,1201.2615384615385,47.19142123684287,0.0,3020.250959157944,65
58.5324025081568,670.5392491467577,11.495096521018302,0.0,3356.5681841373444,293
424.1710475897555,12109.009523809524,28.821963161230087,0.0,2997.484168767929,105
1296.8619005425596,12123.974719101123,9.375035811813783,0.0,3328.137713193893,356
527.119812222334,1877.6311844077961,3.5674061320565484,0.0,2375.8924839496613,667
1083.4453566183631,172.0019063070371,0.15876101354733768,0.0,3914.0940279960632,24655
66.99880118413168,674.0171232876712,10.094707985514216,0.0,2937.560023784637,292
386.549390618629,1239.245283018868,3.2675693035125732,0.0,169.9136037826538,53
150.73650666614165,1845.9095022624435,12.301598604158922,0.0,2706.3516929149628,221
1719.8360286004965,1823.657894736842,1.0745055357615152,0.0,80.58791518211365,76
352.35213799241455,18761.188679245282,54.269518210337715,0.0,2822.014946937561,53
53.03536200241813,242.34152046783626,4.57478338186858,0.0,3906.865008115768,855
2652.9372547460976,22533.527777777777,8.613434549788353,0.0,611.5538530349731,72
538.2145232385177,27683.327586206895,52.33786674967983,0.0,2983.2584047317505,58
1031.9242277177125,1062.6129032258063,1.0466202438854781,0.0,63.84383487701416,62
1082.0800275310692,1438.9583333333333,1.3485373678341719,0.0,95.7461531162262,72
416.7561034499045,1304.0648535564853,3.135643920558554,0.0,1495.70215010643,478
113.53526804135561,1981.2021276595744,17.637738571372083,0.0,1640.3096871376038,94
1113.4072496180777,1526.9634146341464,1.388364244390417,0.0,112.45750379562378,82
37.314603533455035,1757.0461538461539,47.82309956476092,0.0,3060.678372144699,65
1441.8320985897558,12071.649746192894,8.393741840017965,0.0,3298.74054312706,394
16715.94637294607,9031.075471698114,0.5506568275965177,0.0,28.63415503501892,53
797.0424538068509,889.7368421052631,1.1362318226269315,0.0,63.62898206710816,57
80.34247852511173,672.6624365482234,8.39374211726298,0.0,3298.7406520843506,394
250.1197177893396,1238.2252252252251,4.995535055073825,0.0,549.5088560581207,111
24754.078790583404,26248.407894736843,1.0745052115122478,0.0,80.58789086341858,76
4170.540457267992,2409.16,0.5894503496131118,0.0,28.88306713104248,50
1001.2729208419191,17501.47701149425,17.5802633348917,0.0,3041.385556936264,174
76.3992971794049,678.6910828025477,8.91185455962111,0.0,2789.4104771614075,314
2074.904401808759,10997.901408450703,5.37615818636758,0.0,376.3310730457306,71
204.37303254631618,3585.537037037037,17.875101395373076,0.0,947.380373954773,54
151.28389178882585,1287.0507246376812,8.538456367145885,0.0,2348.0755009651184,276
183.03617948598117,1667.981182795699,9.137412579554432,0.0,3389.980067014694,372
705.1702274195208,11661.081081081082,16.626420211532842,0.0,3059.261318922043,185
3895.1539684611143,1697.2115384615386,0.44426746929393096,0.0,22.65764093399048,52
581.277728170135,20164.929411764704,35.10368126346951,0.0,2948.709226131439,85
9243.112809337594,11493.928162746344,1.2439080931992526,0.0,3912.090953111649,3146
442.87077273169257,1275.126984126984,2.9256695816593785,0.0,181.39151406288147,63
13.969939325669982,173.45054945054946,12.484581050293222,0.0,2259.709170103073,182
1266.0910966517226,1409.076923076923,1.1347571167291381,0.0,57.87261295318604,52
4.117368391956526,185.2875,45.57107684582095,0.0,3600.1150708198547,80
2532.451989463479,42507.653846153844,17.11429769852582,0.0,872.8291826248169,52
2.7922468197544754,91.92631578947369,33.27222173264686,0.0,3127.588842868805,95
1049.3037083834645,12020.679180887371,11.49509507499329,0.0,3356.5677618980408,293
8546.22347785584,206863.81528662422,24.360451832795754,0.0,3800.2304859161377,157
877.0932401372808,12061.355731225296,13.80607864686421,0.0,3479.131819009781,253
745.6588066557962,12200.565217391304,16.441556315977596,0.0,3386.960601091385,207
506.80904022176105,28245.0,56.60184773430228,0.0,3622.518254995346,65
17005.954675164066,3365.8,0.20158407423231336,0.0,10.885540008544922,55
84.81484069501627,446.5114401076716,5.271638829753083,0.0,3911.556011676788,743
181.21057518929933,1756.1186440677966,9.746101126074791,0.0,1715.3137981891632,177
9938.625842954432,8967.623036649215,0.9070490423001741,0.0,172.33931803703308,191
2695.985723436266,172.6,0.06520668665568034,0.0,3.5211610794067383,55
283.24819917915335,1020.3583333333333,3.632618940177084,0.0,432.281653881073,120
51.16951998156345,897.7222222222222,17.87510177324403,0.0,947.3803939819336,54
7693.27777696775,8785.689552238806,1.145414772147904,0.0,382.5685338973999,335
1437.2713491680515,12103.701754385966,8.458404207019553,0.0,1920.0577549934387,228
366.3864879128503,1914.086319218241,5.232749766665609,0.0,3207.6756069660187,614
881.3443871921967,1671.3700787401574,1.9114377366171942,0.0,240.84115481376648,127
110.10586212318677,675.488188976378,6.159146204296308,0.0,1558.263989686966,254
125.19772836122705,674.722602739726,5.398499958715554,0.0,3147.325475931168,584
29.630316025303923,977.0,33.54148591386861,0.0,1945.4061830043795,59
61.47873148303077,2356.6770833333335,38.73671679747732,0.0,3679.9880957603455,96
495.3046044843872,8976.518072289156,18.34424255824671,0.0,1504.22788977623,83
8120.151795671205,23605.87172774869,2.9147028272233295,0.0,1110.5017771720886,382
5836.012085703309,11302.788461538461,1.9747066310807773,0.0,100.71003818511964,52
46.66558294159283,676.2985781990521,14.561460605121795,0.0,3057.906727075577,211
755.3337170026404,1630.3953488372092,2.166908828200997,0.0,556.8955688476562,258
1.6765008126980443,71.29761904761905,43.04001880553832,0.0,3572.32156085968,84
288.30171702110573,13354.728395061727,46.90108210146427,0.0,3752.0865681171417,81
3.6903910808169913,236.50980392156862,65.36976562023163,0.0,3268.4882810115814,51
1019.1413206844655,1709.6746987951808,1.6826320789371731,0.0,556.9512181282043,332
1058.8837008566368,11924.848484848484,11.330385920478076,0.0,1858.1832909584043,165
43.40162296413254,678.3441860465116,15.70250078562264,0.0,3360.335168123245,215
629.0981395279777,12006.951515151515,19.202353138749196,0.0,3149.185914754868,165
5311.70668884966,13142.019953051644,2.477068813371042,0.0,2107.9855601787567,852
34.20671083630803,679.422077922078,19.99206379036498,0.0,3058.7857599258423,154
9701.597989591604,11852.207317073171,1.2367581997388677,0.0,100.17741417884828,82
610.7179291500308,43586.23529411765,72.79622535705566,0.0,3639.811267852783,51
152.63241257798884,1167.7093596059112,7.688341415754639,0.0,1553.0449659824371,203
715.8444263771381,2144.6111111111113,3.0198852157592775,0.0,377.48565196990967,126
50.5592421100923,668.2677165354331,13.269761628313027,0.0,3357.249691963196,254
1255.763340243022,11872.965811965812,9.536286481495562,0.0,1106.209231853485,117
30.22489956834787,1172.59375,39.20399601083053,0.0,3724.3796210289,96
20.36479120818957,244.40444444444444,12.054900696235043,0.0,2700.29775595665,225
8512.550346774171,540866.4262295082,64.59648921489715,0.0,3875.789352893829,61
28801.73261093146,915678.650406504,32.05307908331761,0.0,3910.475648164749,123
44.1049815370049,1365.4603174603174,31.206996398925778,0.0,3900.874549865722,126
6139.863838735651,44950.74034334764,7.336874201989943,0.0,3411.6465039253235,466
54.239773208246966,685.4558303886926,12.682326715888706,0.0,3576.4161338806152,283
600.4650083186045,1121.299319727891,1.8705661853289888,0.0,1098.0223507881165,588
1135.8034911620505,12368.31654676259,10.928798516304484,0.0,3027.277189016342,278
39.32164393029684,1124.148148148148,28.945890513062476,0.0,2315.671241044998,81
632.5327512590899,11798.424083769634,18.75084101024427,0.0,3562.659791946411,191
670.7712033019459,1195.0740740740741,1.8152577742090763,0.0,96.20866203308104,54
328.05509919020307,5482.5179487179485,16.798331634285525,0.0,3258.876337051392,195
299.2932763531436,1281.6681034482758,4.300853216286861,0.0,993.497092962265,232
40.88960713328517,676.172972972973,16.626421082278956,0.0,3059.261479139328,185
1236.4918952579542,9123.156626506025,7.422975047429403,0.0,1224.7908828258514,166
2.119644473732122,123.31818181818181,59.07376740162189,0.0,3839.794881105423,66
584.8583692840742,3701.231343283582,6.376005450585731,0.0,848.0087249279022,134
59.595104277955066,665.7528517110267,11.213905927789119,0.0,2938.043353080749,263
4.694753375232521,189.92134831460675,40.913660442287274,0.0,3600.40211892128,89
7556.403236392431,1113.7450980392157,0.15033872127532957,0.0,7.516936063766479,51
8.329270741677526,345.23655913978496,41.899121934952944,0.0,3854.719218015671,93
745.1238741508618,17052.579881656806,23.021787287223905,0.0,3867.660264253616,169
6549.286693370753,20493.267782426778,3.1356438600792074,0.0,1495.702121257782,478
98.30188790213273,1208.4317460317461,12.33221742377919,0.0,3872.3162710666656,315
73.47711555050144,1352.2121212121212,18.686299459750835,0.0,1214.6094648838043,66
2590.3678214612387,1413.857142857143,0.5474425678822532,0.0,183.3932602405548,336
97.4380538087168,188.40484429065745,1.9345421464459713,0.0,3911.644220113754,2023
21337.651292313803,4171.74,0.19950075538790957,0.0,9.775537014007568,50
6024.446743270611,29793.736263736264,5.0004222896364,0.0,450.038006067276,91
382.1969114309218,3246.3055555555557,8.613434778132909,0.0,611.5538692474365,72
150.29834026536102,2095.456,13.997968854674374,0.0,3485.494244813919,250
2708.3176047729144,1429.2753623188405,0.5354963225476882,0.0,36.4137499332428,69
3417.6241203798318,17536.45251396648,5.160009201992764,0.0,918.481637954712,179
327.6576775470957,1270.6125,3.9022548873469516,0.0,620.4585270881653,160
87.67049995833203,1981.047619047619,22.868760456521834,0.0,1898.107117891312,84
13826.42378821184,16465.429752066117,1.2007907410462697,0.0,144.09488892555237,121
468.34409002605673,14978.738461538462,32.48206089064479,0.0,2078.8518970012665,65
57.78077277273224,2045.6235294117646,35.82465396608625,0.0,3009.270933151245,85
1373.8665619439244,11800.053370786516,8.613131206136353,0.0,3057.6615781784058,356
2450.7985868907867,14821.011764705883,6.119414488474528,0.0,514.0308170318604,85
1505.8614078879966,13203.313315926893,8.790899942058543,0.0,3358.1237778663635,383
1948.1803437655606,7284.903846153846,3.7465424046121347,0.0,1944.455507993698,520
1340.9858299431337,12053.179836512261,9.012855879596023,0.0,3298.705251932144,367
33.398286116780106,1419.0281690140846,43.09502574375698,0.0,3016.6518020629883,71
428.18541596829255,1661.6087719298246,3.8874023639464412,0.0,2211.931945085525,570
6573.571556378999,42969.89112227806,6.547732520423479,0.0,3902.448582172394,597
221.3112851566627,2688.7457627118642,12.35862620534568,0.0,716.8003199100494,59
19.455246787383206,1188.625,62.065111621977785,0.0,3910.102032184601,64
205.46501701593522,2212.0071428571428,10.843309949627884,0.0,1507.2200829982758,140
4312.065593564449,10708.938547486034,2.4904388259438908,0.0,889.086660861969,358
480.1239726251741,23767.16883116883,50.15349390945937,0.0,3811.665537118912,77
1023.0850554443879,7827.07881773399,7.688340955441541,0.0,1553.0448729991913,203
4916.246800288776,66050.53846153847,13.64507943764329,0.0,873.2850840091705,65
9.556256420950616,674.4117647058823,71.98425509929658,0.0,3599.2127549648285,51
11213.28908554056,1100.0133333333333,0.09942474236359468,0.0,7.357430934906006,75
56.34611487641828,667.2065217391304,11.884275051463733,0.0,3268.175639152527,276
8824.365946491997,589302.5263157894,67.97381130286625,0.0,3806.5334329605103,57
802.307420296416,11964.327188940093,14.981436402709393,0.0,3235.990262985229,217
913.4457033993984,12202.925650557621,13.409071726585502,0.0,3593.6312227249146,269
39.0068443219461,683.6011235955057,17.624170547151294,0.0,3119.4781868457794,178
35230.22609464282,7662.411764705882,0.22184529781341553,0.0,11.092264890670776,51
145.56527504050095,2590.0163934426228,18.08936460018158,0.0,1085.3618760108948,61
1622.8483088829078,15110.20245398773,9.368389655042577,0.0,1517.6791241168976,163
52.75433214118406,668.6415094339623,12.722637462796587,0.0,3358.776290178299,265
135.29332561465475,4894.285714285715,36.69964773758598,0.0,2532.2756938934326,70
2549.2606060507155,1377.2830188679245,0.5506574053030747,0.0,28.634185075759888,53
12.894136022791436,1002.52,79.3368078348588,0.0,3887.503583908081,50
949.7956885222551,11842.223602484471,12.546106119453906,0.0,2007.376979112625,161
504.6437581191008,25500.96,51.21547062010379,0.0,3789.94482588768,75
2121.820812611687,11997.313893653516,5.663969249250143,0.0,3296.4301030635834,583
3199.336896883959,19197.777080062795,6.00998359468748,0.0,3822.349566221237,637
792.0036115572135,1701.8931931377974,2.1500350797955248,0.0,3882.963354110718,1807
267.43306653989316,18732.735849056604,71.39349301961752,0.0,3712.461637020111,53
116.63246103294493,682.6198347107438,5.862433099194079,0.0,3540.9095919132237,605
7.173588399177261,400.6060606060606,56.70373154053321,0.0,3685.742550134659,66
157.8081366742434,11559.43137254902,74.7149053812027,0.0,3735.745269060135,51
75.30257059637576,683.5505226480836,9.109125412427462,0.0,2605.209867954254,287
192.52937217668025,4660.229299363057,24.360452179725353,0.0,3800.230540037155,157
87.38810764071204,673.6782178217821,7.747391138503801,0.0,1557.225618839264,202
28.033549457419717,243.51869158878506,8.707031314211093,0.0,3717.9023711681366,428
2087.5361133182864,1416.4526315789474,0.6857468320968303,0.0,64.46020221710205,95
3831.9680196183544,11458.675,3.0090914327393543,0.0,478.4455378055573,160
4064.378165199063,15022.495750708214,3.699629831629575,0.0,3914.20836186409,1059
21806.44116374845,1242.9242424242425,0.05787492531996507,0.0,3.7618701457977295,66
5011.007672534787,991.7818181818182,0.2015858314655445,0.0,10.885634899139404,55
57.26084029033786,2583.093023255814,45.64170451725231,0.0,3879.544883966446,86
6.883439873925263,231.89523809523808,34.012790739536285,0.0,3537.3302369117737,105
4658.2292628147015,15450.416370106761,3.3227126330615366,0.0,1864.041787147522,562
1.6773126543434178,67.85393258426966,40.913660206577994,0.0,3600.4020981788635,89
1040.401186352187,2452.1035805626598,2.3583906448886554,0.0,3686.164577960968,1564
50.26158083829432,2730.9718309859154,55.11139260019575,0.0,3857.7974820137024,71
1015.9884724515331,11941.111445783132,11.788703942947157,0.0,3902.061005115509,332
1383.0115552392003,1260.019801980198,0.9201803088188172,0.0,92.01803088188171,101
3.0422133171077332,65.3465909090909,21.602692891529628,0.0,3780.471256017685,176
912.0138601338834,6835.948717948718,7.51295661202101,0.0,3215.545429944992,429
2327.0585415285836,1001.4394904458599,0.43310426290218645,0.0,67.56426501274109,157
1394.5809676418478,12106.6,8.70407944555962,0.0,3298.846109867096,380
46.04479094873363,683.7088607594936,14.911696156202737,0.0,3519.160292863846,237
25349.938887893193,13237.67256637168,0.5268598922661373,0.0,59.00830793380737,113
292.13856440815727,1746.620481927711,6.014974654804577,0.0,992.4708180427552,166
1792.4603920305121,11748.38691588785,6.566609612564916,0.0,3506.569533109665,535
71.43131006881222,675.3675213675214,9.53628954188577,0.0,1106.2095868587494,117
4515.4401815660685,23065.740680713126,5.116485688206438,0.0,3151.7551839351654,617
1357.823452340253,12325.487804878048,9.109125265708334,0.0,2605.209825992584,287
798.5664838574854,8654.31906614786,10.87965144496411,0.0,2785.1907699108124,257
1898.516457225071,20380.870967741936,10.793184204359312,0.0,1996.7390778064728,186
108.63488755833636,1217.8664122137404,11.253590761930093,0.0,2937.1871888637543,262
6764.858383896271,5667.60294117647,0.8503051658174885,0.0,56.97044610977173,68
3.254369042226321,67.23756906077348,20.775489882628122,0.0,3739.588178873062,181
2862.846982784857,1494.9734513274336,0.5268606522253582,0.0,59.00839304924011,113
4834.664618417178,2384.6603773584907,0.49793969563075474,0.0,52.28366804122925,106
4.196232604849093,69.71982758620689,16.686788273064092,0.0,3854.648091077805,232
1773.710834195106,972.0941176470589,0.5545811908585685,0.0,46.58482003211975,85
3132.7282735876615,1214.875,0.39270982259436504,0.0,31.024075984954838,80
709.8071328934919,14181.882716049382,20.104008938214793,0.0,3236.745439052582,162
17.60516285295305,680.2151898734177,39.13260576969538,0.0,3052.34325003624,79
795.5500282269799,7399.7,9.363788764748797,0.0,1395.2045259475708,150
131.14380477335754,3587.0666666666666,27.721786376592274,0.0,2051.4121918678284,75
23.384449047453682,1717.9615384615386,74.9064925698673,0.0,3820.231121063232,52
7346.113081241904,41717.909871244636,5.7033873539546445,0.0,1323.1858661174774,233
53.01848618006653,1632.88,31.04668778181076,0.0,3849.7892849445343,125
6134.133274089998,2898.266666666667,0.4753628416759212,0.0,77.95950603485107,165
1263.9363569040236,12822.148837209303,10.192020626825707,0.0,2181.0924141407013,215
152.86513504907418,1550.7581395348836,10.192021041272957,0.0,2181.0925028324127,215
14.933728145221712,176.06646525679758,11.825580208951777,0.0,3902.4414689540863,331
1078.3603311336692,1114.1764705882354,1.0455136781647092,0.0,87.82314896583557,85
7067.125709207773,1920.0384615384614,0.27701308213028253,0.0,14.12766718864441,52
815.5433312515854,12348.618497109826,15.229617256064747,0.0,2619.4941680431366,173
58.16123552453917,956.3804347826087,16.53346165542394,0.0,3025.623482942581,184
523.528090329495,22623.91176470588,43.85931244892861,0.0,2938.573934078217,68
978.6569479427409,1748.7862595419847,1.8006702606494613,0.0,234.08713388442996,131
75.09112474917967,683.2428571428571,9.131462054440625,0.0,2547.6779131889343,280
3722.1925269446883,11500.372413793104,3.111133029063543,0.0,448.00315618515015,145
8.384476905017483,143.57894736842104,17.199815251228568,0.0,3904.358062028885,228
17613.247966909745,15370.916201117318,0.8775933713055728,0.0,156.21162009239197,179
832.5995257804759,12099.239024390245,14.603117877361822,0.0,2979.0360469818115,205
71.88507509133346,684.8739726027397,9.553519887583596,0.0,3477.481239080429,365
1.8064050513442316,76.82142857142857,43.039620540228235,0.0,3572.2885048389435,84
1188.4264500314323,10110.561594202898,8.538456269177523,0.0,2348.075474023819,276
595.0127693408905,1369.551724137931,2.3420992274033394,0.0,133.49965596199036,58
3.637090780394123,120.0,33.27782837070268,0.0,3860.228091001511,117
149.94100771667627,1257.8101265822784,8.44213117763495,0.0,1325.4145948886871,158
1008.9810441968693,1254.6808645899555,1.2439082145690918,0.0,3912.0913348197937,3146
8396.821262464813,423335.04,51.09740583638888,0.0,3781.208031892777,75
212.37622091587824,1225.7860696517414,5.786160463109576,0.0,2320.25034570694,402
1641.5062372825478,16941.87665198238,10.366601308890148,0.0,2342.8518958091736,227
70.84419868098908,685.507204610951,9.704230580715775,0.0,3357.663780927658,347
48.39485346892445,1567.2162162162163,32.678343315558,0.0,3594.61776471138,111
51.79600717553287,2406.626506024096,47.03018133233233,0.0,3856.474869251251,83
366.7898349412069,1559.0381944444443,4.257886714520661,0.0,2448.2848608493805,576
1626.0020463053856,45733.58823529412,28.33474635548062,0.0,3825.1907579898834,136
144.03821623853761,1986.672131147541,13.84943377333904,0.0,3365.4124069213867,244
948.2306512772179,9596.25590551181,10.160171217597991,0.0,2570.523318052292,254
1646.0387522563794,1379.0588235294117,0.8503091370881494,0.0,56.970712184906006,68
8718.990725190344,181291.17791411042,20.92102916593905,0.0,3389.206724882126,163
720.8937460693433,1699.062020460358,2.3583906526681484,0.0,3686.164590120316,1564
280.1574068779082,6264.682352941177,22.627500644751958,0.0,1900.7100541591644,85
3.6175077786795553,120.0,33.45797442978826,0.0,3881.1250338554382,117
1082.4317712489717,12174.38961038961,11.395248435045543,0.0,866.0388810634613,77
425.5349267706735,1314.7655172413793,3.111133188009262,0.0,448.00317907333374,145
91.91178647678153,449.0,4.895381697586606,0.0,2330.201688051224,477
7.318591452929191,72.0672268907563,9.874804924713091,0.0,3515.4305531978607,357
272.1894827194315,1396.6536312849162,5.160008336720842,0.0,918.4814839363098,179
10.402498470036296,112.84401114206128,10.87808070369273,0.0,3894.352891921997,359
177.83963195167095,1053.3533333333332,5.962803719027731,0.0,888.4577541351318,150
159.02632541610953,665.4648648648649,4.207363277673721,0.0,774.1548430919647,185
8.671250890741442,484.24242424242425,56.70373443089999,0.0,3685.742738008499,66
1400.0675932036452,14247.092261904761,10.206379295462993,0.0,3419.1370639801025,336
62.15126141669445,2156.070588235294,35.10368165515718,0.0,2948.709259033203,85
70.97838533875876,453.9311475409836,6.405844775326734,0.0,3901.1594681739807,610
2469.1463153731015,4057.9101123595506,1.6621221276846798,0.0,146.26674723625183,89
51.5948814526988,1211.2654320987654,23.62228162096154,0.0,3803.187340974808,162
4.950280233751527,69.3011583011583,14.053702852522678,0.0,3625.855335950851,259
2463.7060270967722,252.8467830545721,0.10263176601535544,0.0,3362.52454996109,32764
1177.5376186865872,6254.90041493776,5.31920476468316,0.0,3840.465840101242,723
3815.211084060981,22543.78488372093,5.943477145412512,0.0,1016.3345918655396,172
619.2994965498291,1017.7865168539325,1.6621235419403424,0.0,146.26687169075012,89
138.50707046913462,2548.969696969697,18.686299599134006,0.0,1214.6094739437103,66
1037.0293863173522,6033.33908045977,5.83467190478652,0.0,2024.6311509609225,348
1180.1912973834249,12066.089655172414,10.259218871799717,0.0,2964.914253950119,290
421.9998693527149,1398.3069306930693,3.320099011773155,0.0,1673.32990193367,505
20.337724607475298,466.0,23.04947178562482,0.0,3872.31125998497,169
23.42497781572599,668.7238095238096,28.82196309704047,0.0,2997.484162092209,105
2596.6814553048357,46202.34426229508,18.089389916261037,0.0,1085.3633949756622,61
519.3125193412923,1271.947434292866,2.450824594826122,0.0,3913.966877937317,1598
8.68917941594193,264.8671875,30.722435701550463,0.0,3901.749334096909,128
2563.2306132062886,40290.61818181818,15.862894532877371,0.0,1729.0555040836334,110
1.4698766641567353,71.04,48.98370166404827,0.0,3624.793923139572,75
80.64938530365852,2951.435294117647,37.03154608465376,0.0,3110.649871110916,85
625.8063316709565,1212.0192307692307,1.9747072715385288,0.0,100.71007084846497,52
7125.6757248197155,5482.196581196581,0.7695147306934141,0.0,3780.625871896744,4914
473.2744766637711,2994.7358184764994,6.337965705952087,0.0,3904.1868748664856,617
2048.426951481739,14768.414179104477,7.223112682092968,0.0,3864.3652849197383,536
9.14550435186127,259.25,28.57772666458192,0.0,3515.060379743576,124
977.0578299141381,16727.580487804877,17.204281995109483,0.0,3509.6735270023346,205
1528.2260915094944,9492.57142857143,6.267456198597814,0.0,695.6876380443573,112
144.69522666220752,2444.4444444444443,17.21249619070089,0.0,912.2622981071472,54
221.12872100188363,1251.3612565445026,5.688756135890358,0.0,1080.863665819168,191
51.97120321690521,1753.642857142857,34.09044893746523,0.0,3306.773546934128,98
1231.467151143225,11793.203980099503,9.600429418972901,0.0,3849.772197008133,402
776.4946233838223,11918.60663507109,15.422337185768857,0.0,3238.69080901146,211
924.6440773359152,9306.502590673575,10.117378337929646,0.0,1942.536640882492,193
332.4794857913907,1326.4153846153847,4.020391427269278,0.0,518.6304941177368,130
35926.05176436871,17720.22641509434,0.4979392278762091,0.0,52.28361892700195,106
515.8273419331567,1721.4676113360324,3.3406754793729463,0.0,3297.246698141098,988
399.7408012560265,944.8135593220339,2.3837668956854405,0.0,278.90072679519653,118
181.52579093589478,3760.6206896551726,21.080180791386386,0.0,1201.570305109024,58
2563.1666542282587,14626.926724137931,5.718909589569718,0.0,2647.8551399707794,464
316.38392398352465,1582.937823834197,5.029276682684819,0.0,965.6211230754852,193
13.080831087741554,66.7205298013245,5.107398614010697,0.0,3850.9785549640656,755
6629.678991456489,143652.3100775194,21.837345961481333,0.0,2795.1802830696106,129
830.6541002814423,11888.673170731707,14.382582324392656,0.0,2934.0467941761017,205
142.96563638255972,1534.752688172043,10.793143637115891,0.0,1996.73157286644,186
154692.9845582503,15897.714285714286,0.10391134156121146,0.0,9.352020740509031,91
112.0422689360179,6080.4,55.11675467342138,0.0,3527.4722990989685,65
129.56693578339616,679.2555555555556,5.2717946534716225,0.0,943.6512429714204,180
7600.656191627567,15009.789743589743,1.9798784396948728,0.0,770.1727130413055,390
1172.5531806553652,1396.3553719008264,1.200791307290395,0.0,144.0949568748474,121
7838.437518931165,11714.037735849057,1.5231744417777429,0.0,79.20507097244263,53
204.18102318343327,1532.9950738916257,7.545187767189329,0.0,1524.1279289722445,203
1687.6014490585633,10444.860194174757,6.201215897088849,0.0,3187.424971103668,515
6764.702152396627,10625.0,1.57688579010585,0.0,397.3752191066742,253
70.1060360169755,665.1968503937007,9.52594277038876,0.0,2410.063520908356,254
3269.17355946381,8243.820846905537,2.529924241545933,0.0,774.1568179130554,307
2236.764540645532,3878.2457627118642,1.7486834627950294,0.0,204.59596514701843,118
14350.259569015241,24073.475903614457,1.6826319636895217,0.0,556.9511799812317,332
1505.0500797341256,13945.49152542373,9.425554156303406,0.0,546.6821410655975,59
60.9852643410648,665.9368029739777,10.960379511562746,0.0,2937.381709098816,269
2188.225097976161,11855.753383458647,5.426136664238321,0.0,3602.954745054245,665
392.7925943331962,21606.681159420288,55.81680201432283,0.0,3795.542536973953,69
876.416892151804,11971.932489451478,13.717970436912472,0.0,3237.4410231113434,237
525.0048462517024,1295.625,2.499072772038134,0.0,197.42674899101257,80
6165.678606844847,18471.865079365078,3.019884944915771,0.0,377.4856181144714,126
3164.6291781630966,11400.091666666667,3.6326185815474568,0.0,432.28161120414734,120
95.15602406748275,697.6929292929293,7.346936465757579,0.0,3629.386614084244,495
3508.618951468647,11248.33962264151,3.267568808335525,0.0,169.9135780334473,53
1226.8729790174152,11894.98753894081,9.725668083876371,0.0,3112.213786840439,321
74.54935262932543,1079.4038461538462,14.762953515146293,0.0,752.9106292724609,52
80.37986893097239,676.9035087719299,8.45840471746638,0.0,1920.057870864868,228
53.70431118707059,666.6583333333333,12.465436832675374,0.0,2979.2394030094147,240
40.51742776732159,681.4831460674158,16.914532118597947,0.0,2993.8721849918365,178
1510.4169663689263,10918.454326923076,7.246187045775264,0.0,3007.1676239967346,416
1477.4128343535158,1325.0555555555557,0.9069528767232145,0.0,80.71880602836609,90
2050.259355478523,976.5272727272727,0.48511477752968124,0.0,26.196197986602783,55
9.924627396035506,72.64842105263158,7.3354580336985205,0.0,3477.0071079730988,475
222.06254919288367,1342.9058823529413,6.119414831910815,0.0,514.0308458805084,85
108.90212855653388,532.0,4.895383167667549,0.0,2330.2023878097534,477
4378.442439060764,98937.53571428571,22.86876112007233,0.0,1898.1071729660036,84
7.083669418927577,323.144578313253,46.17456667016192,0.0,3786.3144669532776,83
31657.3228549452,50900.39506172839,1.627953514456749,0.0,130.23628115653992,81
214.29830737941737,1285.9073783359497,6.009983284668352,0.0,3822.349369049072,637
53.25856635984249,3521.4814814814813,67.36802684586003,0.0,3570.5054228305817,54
3313.461462676867,13218.938461538462,4.020391063172688,0.0,518.6304471492767,130
77.1988350705409,3280.0281690140846,43.095024830954415,0.0,3016.651738166809,71
384.7188078938811,6906.939814814815,18.036719219074694,0.0,3877.894632101059,216
489.02791631954904,22721.975903614457,47.030184582966136,0.0,3856.475135803223,83
108.72774581128343,1900.4770114942528,17.580263560907,0.0,3041.385596036911,174
72.92214361621625,2747.5510204081634,38.06630127700334,0.0,3692.431223869324,98
1562.9391931121665,13192.761336515514,8.461188397339086,0.0,3536.776750087738,419
1713.6783394555766,16607.322033898305,9.74610079012134,0.0,1715.3137390613556,177
139.278620445456,1401.8341968911918,10.117384937902292,0.0,1942.53790807724,193
1428.5677090742167,35600.0,25.08188348621517,0.0,3862.610056877136,155
1192.7138088816869,14605.89592760181,12.301598467610098,0.0,2706.351662874222,221
77.41316941913836,678.7545691906005,8.79089977479106,0.0,3358.1237139701843,383
50.333378907429676,2491.6103896103896,50.1534924067949,0.0,3811.665422916413,77
103.04072330249139,2575.181818181818,25.155229785083947,0.0,3848.750157117844,154
16991.995915867123,7403.826923076923,0.4442679975547043,0.0,22.65766787528992,52
591.2684488783977,3136.3895027624308,5.311846979426151,0.0,3840.465366125107,724
89.10736477328405,1595.376923076923,18.042775590290393,0.0,2327.518051147461,130
1766.0778469447214,1541.2402234636872,0.8775937476854646,0.0,156.2116870880127,179
12.938109032122274,75.09451219512195,5.812994782979252,0.0,3807.51158285141,656
6678.051439356162,5849.761904761905,0.89009690284729,0.0,55.18600797653198,63
5220.684917144104,21789.294520547945,4.2024304981889395,0.0,609.3524222373962,146
8.325739620691708,72.8609865470852,8.770958789011065,0.0,3903.076661109924,446
84.97698332214046,674.7084337349397,7.959074773074348,0.0,3295.05695605278,415
1.2783188410705812,79.19354838709677,62.966922408244656,0.0,3840.982266902924,62
5016.671839888236,30823.154761904763,6.168622776806593,0.0,1548.3243169784546,252
3934.497248103604,1827.752,0.4682915806770325,0.0,58.068156003952026,125
1.0922482095618153,70.0,65.36975696086883,0.0,3268.4878480434418,51
190.7375838520131,7923.56043956044,42.0032582892312,0.0,3780.293246030808,91
4461.617161167841,27003.43396226415,6.168779116410476,0.0,320.7765140533447,53
1723.6097425464561,113965.88888888889,67.36802758360808,0.0,3570.5054619312286,54
291.6576256839388,1576.6497695852534,5.430850883324941,0.0,1173.0637907981873,217
3669.4823941477416,1053.2692307692307,0.2926629571353688,0.0,14.925810813903809,52
2331.3943735294497,12222.35,5.271794177966411,0.0,943.6511578559875,180
28.71910895668866,678.3232323232323,23.860242286506963,0.0,2338.3037440776825,99
4959.631585613793,12147.580725907384,2.4508246260280524,0.0,3913.9669277668,1598
302.86702817878546,1221.3494105037514,4.036952713528416,0.0,3762.439929008484,933
71.86241636287772,671.8202247191011,9.375035103945665,0.0,3328.137461900711,356
6604.144584632147,1291.18,0.19950057049186862,0.0,9.775527954101562,50
929.7241388848021,11868.356363636363,12.812049332326346,0.0,3510.501517057419,275
38.79666151607089,1226.4628099173553,31.87602450847626,0.0,3825.122941017151,121
480.21493383163624,26092.563380281692,55.1113937139511,0.0,3857.7975599765778,71
7.699444879471207,284.39325842696627,37.35658927397294,0.0,3287.379856109619,89
73.44320267638962,679.0284974093264,9.269642158607384,0.0,3568.812231063843,386
1282.2372144656777,12166.429133858268,9.525942351978287,0.0,2410.0634150505066,254
1259.9743524584662,35381.43529411765,28.415374318758648,0.0,2386.8914427757263,85
9429.826009651979,77248.64042553192,8.209414426197629,0.0,3850.215365886688,470
27.45193912503818,993.0857142857143,36.6997120414955,0.0,2532.2801308631897,70
346.20646649353864,1256.396551724138,3.6415955987356114,0.0,1052.4211280345917,290
89.6559157919947,673.7738693467337,7.553062859207693,0.0,1495.5064461231232,199
3.0784313992972216,197.35593220338984,65.21458322426369,0.0,3782.4458270072937,59
962.6046072516285,34079.2705882353,35.82465316568102,0.0,3009.270865917206,85
730.8548849940144,17157.88888888889,23.622281224090862,0.0,3803.187277078629,162
1941.4968040125757,16286.632911392406,8.44213052160421,0.0,1325.414491891861,158
1283.4621572968424,11700.540404040405,9.16266517348701,0.0,1805.045039176941,198
130.83181835049172,2637.7833333333333,20.503357357898,0.0,1209.698084115982,60
195.78888273260353,1714.3669467787115,8.780797766835502,0.0,3125.9640049934387,357
1710.808708573006,9681.41884816754,5.688756221219114,0.0,1080.8636820316317,191
805.210969512778,53773.14035087719,67.9739559846265,0.0,3806.541535139084,57
1711.0950777523112,1543.9214659685863,0.9070491690384714,0.0,172.33934211730957,191
622.1018227855293,1078.6440677966102,1.7486900182870717,0.0,204.5967321395874,118
484.46306682652397,76.91072804704928,0.15876101382778463,0.0,3914.094034910202,24655
141.9542547873515,1321.723926380368,9.368389260621719,0.0,1517.6790602207184,163
915.098595515402,5790.463533225284,6.337965837546757,0.0,3904.1869559288025,617
8957.021903760342,8042.583333333333,0.9087263618607119,0.0,75.42428803443909,84
4.408512610389775,144.0,32.9456649319879,0.0,3821.697132110596,117
230.43254565045768,1340.6350574712644,5.834673028857976,0.0,2024.6315410137177,348
2790.598006167267,12599.595690747781,4.520746090085373,0.0,3562.347918987274,789
230.96394792142834,1318.0172413793102,5.718918224132859,0.0,2647.859137773514,464
1798.027355866864,6233.3626373626375,3.469956147572407,0.0,3785.722157001496,1092
298.5998192204019,14060.276923076923,47.8230991140008,0.0,3060.678343296051,65
41.38367602359738,1183.0987654320988,28.945894011855124,0.0,2315.67152094841,81
69.92068034724873,3248.892307692308,47.19142081588507,0.0,3020.2509322166443,65
360.03454213498526,1612.8634453781513,4.489177448875026,0.0,2132.359288215637,476
209.79391367853864,4362.17791411043,20.921030840755982,0.0,3389.206996202469,163
120.3663598158507,1210.3647058823528,10.095261858204218,0.0,2564.1965119838715,255
647.5365343761671,12083.025157232705,18.77809104889254,0.0,2966.9383857250214,159
10.257972791290353,474.81944444444446,46.93978547714126,0.0,3332.7247688770294,72
54.651316423083465,2811.0172413793102,52.337867055022926,0.0,2983.2584221363068,58
618.5425767191584,1536.1396648044692,2.4904390336418687,0.0,889.0867350101471,358
157.97618595433048,2746.3678756476684,17.47524070367217,0.0,3355.2462151050568,193
3229.173894113038,894.4193548387096,0.28152152749358633,0.0,17.172813177108765,62
4401.922286212193,9406.286384976525,2.1469383250992253,0.0,455.15092492103577,213
286.64241135659773,11880.924731182795,41.89912148921386,0.0,3854.719177007675,93
8165.601522713848,838.0245391283115,0.10263176756537092,0.0,3362.5246007442474,32764
270.99652890762655,1449.3222891566265,5.356187776562674,0.0,3551.152495861053,664
3.673761871877651,120.0,32.945652706869716,0.0,3821.695713996887,117
17789.51293949237,14078.15,0.7957946308498276,0.0,142.44723892211914,180
1358.7857346935182,12070.735668789808,8.911854172666995,0.0,2789.4103560447693,314
417.5457596624043,1074.15625,2.586016214330783,0.0,493.9290969371796,192
107.84487727252528,1514.2961373390558,14.101951936195638,0.0,3271.652849197388,233
3611.4881262600593,1706.3636363636363,0.47536312806897046,0.0,77.95955300331116,165
12434.886149103197,8437.421052631578,0.6857465962146191,0.0,64.4601800441742,95
43.40797017671541,666.2796208530806,15.42233783858163,0.0,3238.6909461021423,211
267.0926191474276,88.99744506898314,0.33323655820118286,0.0,3912.530429840088,11742
13796.711345275617,24078.48062015504,1.7588679753243925,0.0,225.13510084152225,129
56.78197506507684,669.3295880149813,11.832027045407688,0.0,3147.319194078445,267
252.2591110205644,1561.2757281553397,6.201215976870941,0.0,3187.425012111664,515
4.027753357162424,234.33333333333334,59.07473483085632,0.0,3839.857764005661,66
166.59014369251082,1543.8059210526317,9.297674854989886,0.0,2817.1954810619354,304
607.0076100651729,1611.23417721519,2.671295694484832,0.0,419.39342403411865,158
49.55171897685065,1355.3466666666666,27.721786257382984,0.0,2051.412183046341,75
918.6518102741901,11887.402010050251,13.005405595808318,0.0,2575.070307970047,199
59.17021108498693,685.9154078549849,11.627370036009589,0.0,3837.032111883164,331
75.04857077695945,671.9777777777778,8.976068193369573,0.0,3626.3315501213074,405
146.67966530551672,1457.2727272727273,10.000004994323831,0.0,1530.000764131546,154
63.10479654881082,2654.7619047619046,42.57595515538411,0.0,3533.804277896881,84
156.50408944373328,4764.924242424242,30.914404770044182,0.0,2009.436310052872,66
122466.50085048359,6980.19696969697,0.05787365986750677,0.0,3.76178789138794,66
967.4591124351577,876.5370370370371,0.9231144347280826,0.0,48.92506504058838,54
90.4797831019945,2013.5977011494253,22.383309561393165,0.0,3872.3125541210175,174
8.284043755470742,97.66767371601209,11.82558171532371,0.0,3902.441966056824,331
15682.433458675241,205630.4882154882,13.156452176538675,0.0,3894.309844255448,297
176.1969799162434,1917.6532951289398,10.914851060543937,0.0,3798.36816906929,349
61835.946835724644,11808.447058823529,0.19323750053133285,0.0,16.231950044631958,85
16724.99506126761,63860.048133595286,3.821994593947569,0.0,3886.9685020446777,1018
556.3319915094718,1490.3578947368421,2.6930742957604625,0.0,508.9910418987274,190
1782.1037982095634,10654.734939759037,6.014974605675899,0.0,992.4708099365234,166
2058.733298179083,1711.8243243243244,0.8428842988732743,0.0,61.53055381774902,74
42.14496384272666,2318.304347826087,55.816800972994635,0.0,3795.5424661636353,69
1004.5231174344476,12294.754166666668,12.290604803851458,0.0,2937.4545481204987,240
81.8475135771053,670.734693877551,8.228516385203502,0.0,2007.7579979896543,245
48.50126775296365,2383.8727272727274,50.06092894077301,0.0,2703.2901628017426,55
255.1167376324412,85.00698347811276,0.3332365584854738,0.0,3912.530433177948,11742
5147.590649445121,8342.789808917198,1.6258954255344766,0.0,508.90526819229126,314
181.0141492937666,3217.65,18.076964996628842,0.0,1066.5409348011017,60
40688.967865419385,1293603.6585365853,32.05308553234475,0.0,3910.47643494606,123
1141.0781427808859,13688.443298969072,12.121020227670671,0.0,1163.6179418563845,97
2357.692424608843,7880.104166666667,3.377477294520328,0.0,320.86034297943115,96
35.98423321176103,671.4654088050314,18.778090556965598,0.0,2966.9383080005646,159
99.72134629194727,2800.2823529411767,28.415370961030323,0.0,2386.8911607265472,85
22090.738124321768,7219.22,0.33346785331258966,0.0,16.339924812316895,50
42.38735348115423,216.19867549668874,5.107311340794956,0.0,3850.912750959397,755
27262.835181809165,235204.39601769912,8.646419638805009,0.0,3899.535257101059,452
52.1182522604227,2398.4698795180725,46.58098472036967,0.0,3819.640747070313,83
2087.2312789650837,3958.196850393701,1.9114370081159806,0.0,240.84106302261355,127
10866.831201594228,7488.783783783784,0.6985817412807517,0.0,50.99646711349487,74
2037.3502997187143,1078.5030674846626,0.5326332413120034,0.0,86.28658509254456,163
4.341008860277328,144.0,33.45797808416958,0.0,3881.125457763672,117
637.5141746800278,21020.745762711864,33.54148544936345,0.0,1945.40615606308,59
1359.6733057553581,13156.559077809798,9.704230978998835,0.0,3357.663918733597,347
735.8323997354578,12376.337078651686,16.914530933240037,0.0,2993.871975183487,178
8.49542015513197,258.9609375,30.722435763501743,0.0,3901.7493419647217,128
508.44933699213226,12009.181818181818,23.86024252005986,0.0,2338.303766965866,99
14701.228630803033,4598.896907216495,0.31444483346889673,0.0,60.68785285949707,194
10979.734218299114,57360.62377850163,5.232749376950411,0.0,3207.6753680706024,614
2521.4734095119793,4487.94472361809,1.7843731182348217,0.0,708.3961279392242,398
323.4795745100046,12400.010416666666,38.73671733705621,0.0,3679.98814702034,96
6.976838343785395,272.010989010989,39.42091242207421,0.0,3547.882117986679,91
58.99527541059259,2616.9529411764706,44.88676634572801,0.0,3770.488373041153,85
46.65377405311701,2109.024096385542,45.75715353721526,0.0,3752.086590051651,83
393.12188933008355,2473.2047244094488,6.341120657466707,0.0,798.981202840805,127
567.6268164638988,17573.34126984127,31.206996368408202,0.0,3900.8745460510254,126
177.61911824545572,1652.1,9.363788852755658,0.0,1395.2045390605929,150
1488.7984340521318,11978.536585365853,8.065446393705521,0.0,3298.7675750255585,410
2280.432627185275,12289.835616438357,5.398500181593985,0.0,3147.325605869293,584
50.205669445361664,2287.6626506024095,46.12150382995606,0.0,3781.963314056397,83
4928.084827032166,17084.578754578753,3.4699561622140607,0.0,3785.72217297554,1092
1970.100432155936,12000.061507936507,6.103200777387524,0.0,3069.9099910259247,504
17.510202914983047,914.8472222222222,52.98238968849182,0.0,3761.7496678829193,72
1268.5775445266297,21937.196850393702,17.429996047701152,0.0,2196.179502010345,127
2779.7301354528076,11277.185610010427,4.061170204447307,0.0,3890.60105586052,959
62262.74384595173,52756.56363636364,0.8550951262132838,0.0,93.20536875724792,110
35.98390189506143,686.7878787878788,19.20235364611556,0.0,3149.185997962952,165
71.59815381355891,667.4117647058823,9.347818081968287,0.0,3327.82323718071,357
46.088982195424926,670.0858369098712,14.60162724092089,0.0,3387.5775198936462,233
133.59226654198974,1601.3375,12.13848403737515,0.0,958.9402389526368,80
4635.370062391861,1450.0567010309278,0.31444521765634803,0.0,60.68792700767517,194
52.31976190926676,2643.8533333333335,51.21546779452144,0.0,3789.944616794586,75
1724.6368693396976,4159.3422619047615,2.418919763992082,0.0,810.3381209373474,336
36.562638009258954,1232.9107142857142,34.33360777768222,0.0,1888.348427772522,56
311.51433985605576,8887.031746031746,28.75671150207519,0.0,3594.5889377593994,126
4.390700725788975,203.23611111111111,46.93979490307015,0.0,3332.725438117981,72
128.28264979889423,1538.8865979381444,12.121020801365376,0.0,1163.617996931076,97
159.44331854159074,668.3879781420765,4.197744575962322,0.0,3068.5512850284576,732
44.8570567524335,668.926267281106,14.981436518607316,0.0,3235.9902880191803,217
1693.9526711992653,14832.591036414566,8.780797640259348,0.0,3125.9639599323277,357
48568.72814905828,28781.75,0.6042179640601663,0.0,30.81511616706848,52
365.13150465434796,2243.4206349206347,6.168622912638691,0.0,1548.3243510723114,252
8.560084913965666,288.8407079646018,34.04401308936732,0.0,3812.92946600914,113
5497.3282854828285,637.9775363203516,0.11605583215863757,0.0,3802.337229013443,32764
856.2229649636628,12099.280952380952,14.1986056743056,0.0,2967.5085859298706,210
367.37498763384167,1098.55625,3.009092741792307,0.0,478.4457459449768,160
47.91936601628617,1712.0,36.400771374972365,0.0,1929.2408828735352,54
740.9583393559786,4843.470686767169,6.5477329260550885,0.0,3902.448823928833,597
522.650042085312,1442.5479452054794,2.79839895831214,0.0,201.4847249984741,73
1593.7050574195582,4099.880208333333,2.586015229449847,0.0,493.9289088249207,192
495.180494327269,996.6461538461539,2.044140998274088,0.0,130.82502388954163,65
537.2929062189763,1354.8827361563517,2.529924444902956,0.0,774.1568801403046,307
373.12739263692976,11820.703703703704,31.976150251994625,0.0,3421.4480769634247,108
472.36004788839296,2336.043956043956,5.000422898928324,0.0,450.0380609035492,91
61.51545415148543,670.0185185185185,10.932363305393205,0.0,2940.805729150772,270
2810.356742396639,2523.4523809523807,0.9087299783545805,0.0,75.42458820343018,84
888.3179617049411,7022.675510204082,7.921754499154588,0.0,3873.7379500865936,490
1961.623843798402,1162.4807692307693,0.6042312921262255,0.0,30.8157958984375,52
297.74848895908383,1520.9562398703404,5.1164838149176015,0.0,3151.7540299892426,617
957.6782750717755,11888.1375,12.465437477103835,0.0,2979.2395570278168,240
2.308067542777162,65.4758064516129,28.5988728050294,0.0,3517.661355018616,124
6013.051804153952,1171.15,0.19723340529429761,0.0,15.581439018249512,80
47.141229485048136,666.152380952381,14.19860534462632,0.0,2967.508517026901,210
79.83006169295301,663.251724137931,8.33704369868374,0.0,2409.405628919601,290
578.3822151213658,1553.6756756756756,2.723041723852288,0.0,198.78204584121704,74
646.8993451333321,13180.564356435643,20.578734698295598,0.0,2057.87346982956,101
160.84359019920447,7579.609756097561,47.705881071679386,0.0,3864.1763668060303,82
1487.4122668458265,1667.4810606060605,1.1231890435010703,0.0,591.9206259250641,528
59.718461362808675,1291.5189873417721,21.904062717388836,0.0,1708.5168919563291,79
704.755147293984,1391.751282051282,1.9798777691809255,0.0,770.17245221138,390
2413.9674274185013,7125.650264950795,2.954078171831189,0.0,3899.383186817169,1321
144.05411694388718,96.0,0.6665297485494532,0.0,3912.5296239852905,5871
53.77769788015135,684.2391304347826,12.76974098552357,0.0,3511.678771018982,276
7.873245024018954,77.53501400560224,9.875573381949007,0.0,3515.7041239738464,357
3555.3975995837845,8403.415254237289,2.3837669568184094,0.0,278.9007339477539,118
15.361073474288213,77.46861924686192,5.064367264258761,0.0,1205.3194088935852,239
54.49200653018087,679.416149068323,12.546106182038782,0.0,2007.3769891262052,161
22802.358936152275,424148.33928571426,18.7686500635233,0.0,2083.3201570510864,112
2274.6159698883857,40836.416666666664,18.036606632277024,0.0,3877.87042593956,216
4852.87621786752,4997.193548387097,1.0466194739107226,0.0,63.84378790855408,62
226.32286657572547,14147.983870967742,63.53718583701087,0.0,3875.768336057663,62
135.25774903837683,1253.2711864406779,9.425554686579211,0.0,546.6821718215942,59
1293.371752521512,12322.690410958905,9.553745032666805,0.0,3477.563191890717,365
276.8156655288884,2575.262711864407,9.382682512968014,0.0,1097.7738540172577,118
22.368803396620564,497.8103448275862,22.38331002307076,0.0,3872.3126339912415,174
197.6266643408744,2141.743190661479,10.8796522077173,0.0,2785.1909651756287,257
38932.08039240994,26559.68831168831,0.6911821208502117,0.0,52.52984118461609,77
1018.2478839269355,12057.29347826087,11.884275305487893,0.0,3268.1757090091705,276
3719.2723462956064,45186.30508474576,12.35870219510177,0.0,716.8047273159027,59
94.77901011248586,1714.3142857142857,18.261406981028042,0.0,1899.1863260269165,105
241.40988436444894,1745.0961538461538,7.246187161824791,0.0,3007.167672157288,416
1972.7801105053363,1587.9706744868035,0.80730800558539,0.0,274.4847218990326,341
59.21213481591621,4225.901960784314,72.7962268781662,0.0,3639.81134390831,51
19250.050226172458,215679.82028985507,11.236687383679456,0.0,3865.420459985733,345
5.87959116322089,386.37931034482756,66.86823689310174,0.0,3811.4895029067993,58
3.7378888059710036,138.06741573033707,37.35701378096234,0.0,3287.4172127246857,89
772.8261835508329,1213.8418972332015,1.5768859235067216,0.0,397.37525272369385,253
4248.919624208638,924.1372549019608,0.22184933662414552,0.0,11.092466831207275,51
4.600088288112836,269.3484848484849,59.45370839925913,0.0,3864.4910459518433,66
404.37836657468665,1351.5520833333333,3.377477778886494,0.0,320.8603889942169,96
65.90158190777926,1194.3493975903614,18.344243023453686,0.0,1504.2279279232023,83
23.022898147030688,1284.5652173913043,56.615629971027374,0.0,3849.8628380298615,69
3.8333948332545846,237.48387096774192,62.966915666079906,0.0,3840.981855630874,62
3104.9305449008634,19689.444695259594,6.355694810189813,0.0,2809.217106103897,443
1749.3360320809732,11789.8612716763,6.778804505980292,0.0,1165.9543750286102,173
2367.219176603258,13663.037313432837,5.786160344197566,0.0,2320.250298023224,402
2089.0236858127073,12226.801652892562,5.862568617656531,0.0,3540.9914450645447,605
39.05608908695303,680.384236453202,17.506936593811112,0.0,3536.4011919498444,203
3890.410062735906,118447.42424242424,30.91439986228943,0.0,2009.4359910488129,66
41.85995081726499,684.9178743961353,16.441555831038833,0.0,3386.960501194,207
696.8947618034413,26257.51020408163,38.066301598991316,0.0,3692.4312551021576,98
35.956842982701595,670.6910994764398,18.75084119470496,0.0,3562.6598269939423,191
400.61534850882066,1532.313672922252,3.830034159973964,0.0,2853.375449180603,746
1106.6226507682059,12053.192592592593,10.932362528095458,0.0,2940.805520057678,270
6066.889900398096,16744.986301369863,2.798395196596781,0.0,201.48445415496823,73
2371.8693829872113,12040.351612903225,5.084513925774225,0.0,3147.314120054245,620
44702.358843655384,353398.4204081633,7.921754594717045,0.0,3873.737996816635,490
6.358105438983305,125.37696335078535,19.823018557146973,0.0,3766.373525857925,191
14.606677647215154,798.7164179104477,55.5101030775995,0.0,3663.666803121567,67
1721.124229937316,15949.819078947368,9.297677917448995,0.0,2817.1964089870453,304
214.5752017650512,71.4982115482882,0.33323655566287075,0.0,3912.5304000377655,11742
4102.308685641846,8015.085526315789,1.9667378008760363,0.0,296.9774079322815,152
2.5075248985438923,68.46280991735537,27.530467742681502,0.0,3303.6561291217804,121
1188.2000428635292,11953.455479452055,10.094708141182705,0.0,2937.5600690841675,292
101.21197585620982,1732.7853658536585,17.20428236909941,0.0,3509.67360329628,205
126.89858426639417,2005.14,15.880524531081694,0.0,3160.224381685257,200
194.21092731645624,1455.6969696969697,7.512955892865903,0.0,3215.5451221466064,429
648.3606440550602,1385.455399061033,2.1469387119671084,0.0,455.151006937027,213
60.194966791270716,349.3734756097561,5.812892487212901,0.0,3807.4445791244502,656
73.4783443287882,684.3815384615384,9.34280478733557,0.0,3027.068751096725,325
529.4295744767519,1276.8363095238096,2.418919952591853,0.0,810.3381841182709,336
354.3806707877764,1046.0757002271007,2.954078108975382,0.0,3899.383103847504,1321
2654.8516470823233,9634.558620689655,3.6415956441093895,0.0,1052.4211411476135,290
3279.7814921300464,10846.158102766798,3.3135242910668405,0.0,1673.3297669887545,506
6819.743735925702,18216.29677419355,2.688456505924076,0.0,414.0223019123077,155
491.73733863259764,22629.63855421687,46.580985328046296,0.0,3819.640796899796,83
909.6978143292724,1076.7142857142858,1.205115470019254,0.0,66.28135085105896,56
52697.56841307775,20436.1875,0.3927102149287357,0.0,31.02410697937012,80
6040.526268121235,12980.15495296071,2.15003488375367,0.0,3882.963000059128,1807
183.41643550201886,1318.1052631578948,7.228680569985333,0.0,1228.8756968975067,171
2679.7324790746843,7715.571428571428,2.9256711967529787,0.0,181.3916141986847,63
1.5068963019863713,67.8125,45.57107611547543,0.0,3600.1150131225586,80
2062.5404942835657,3851.559523809524,1.8705673729540742,0.0,1098.0230479240415,588
302.01994562690174,3396.896103896104,11.395247748023586,0.0,866.0388288497925,77
1101.9053124917746,11080.4,10.095262719890265,0.0,2564.196730852127,255
57.16738632585932,3365.590909090909,59.778301062950725,0.0,3885.589569091797,66
82.40299123462725,695.563245823389,8.461188875317005,0.0,3536.776949882508,419
24.19065973364713,211.69955156950672,8.770958842588275,0.0,3903.076684951782,446
1123.1634730540416,1282.64776119403,1.145414763581967,0.0,382.56853103637695,335
379.8320183065797,988.8306551297899,2.6065587094514675,0.0,2106.099437236786,809
4.219900540908513,226.0,54.310071142626484,0.0,3856.01505112648,72
561.1491683401711,1847.2,3.3432509675621986,0.0,213.9680619239807,65
13964.282011841811,2199.8695652173915,0.15852005481719972,0.0,25.363208770751957,161
889.5975178546408,11758.271653543306,13.269761660353469,0.0,3357.2497000694275,254
12.0882385316381,310.07751937984494,25.851574584841728,0.0,3309.001546859741,129
8.507516525767446,157.30331753554503,18.57796931380317,0.0,3901.3735558986655,211
345.3172574065009,2040.453488372093,5.9434792814199,0.0,1016.3349571228028,172
742.3915578788095,1203.2070063694268,1.6258955336988163,0.0,508.9053020477295,314
10376.332334506023,8352.3284457478,0.8073078085394466,0.0,274.48465490341187,341
45.99172153873149,668.3463414634147,14.603118268882527,0.0,2979.0361268520355,205
596.4170461901616,11846.181818181818,19.99206414253883,0.0,3058.785813808441,154
821.5276713032811,11905.947867298579,14.561460648264203,0.0,3057.906736135483,211
8925.810212917135,10006.38446969697,1.123189007760904,0.0,591.9206070899963,528
5903.293306109784,32793.96253602306,5.571253378267232,0.0,1927.6536688804624,347
933.0047828788399,1601.8976,1.7182978839278698,0.0,2146.1540570259094,1250
104.26030409902567,683.3570093457944,6.566609507196404,0.0,3506.56947684288,535
57.971978391469,681.3403614457832,11.788433144820061,0.0,3901.97137093544,332
4313.160561604838,7684.481481481482,1.8152516203106575,0.0,96.20833587646484,54
11343.382705306576,6547.42,0.5889813462082221,0.0,28.86008596420288,50
212.4348296941707,6879.477477477478,32.678342773697594,0.0,3594.6177051067352,111
751.8046523245797,17636.186335403727,23.605084705352777,0.0,3776.813552856445,161
12.01523160945971,248.24309392265192,20.775481516785096,0.0,3739.586673021317,181
427.7410171910681,1695.2669537136705,3.9675730916446654,0.0,3681.9078290462494,929
1466.0796897888163,5607.609919571046,3.8300352647000513,0.0,2853.376272201538,746
3699.6226991662834,14010.709677419354,3.8282282145127007,0.0,352.19699573516846,93
9.005967182603461,659.6862745098039,74.71490694522858,0.0,3735.745347261429,51
1608.2024801650998,6236.39375,3.9022551137696273,0.0,620.4585630893707,160
321.954850291852,1059.8153846153846,3.3432482816278943,0.0,213.9678900241852,65
5199.011010382229,90383.22279792746,17.47524068877101,0.0,3355.246212244034,193
109.19916444666805,1922.6860465116279,17.814292739419376,0.0,1514.214882850647,86
139.84636938138877,1274.8939393939395,9.162665344131781,0.0,1805.0450727939608,198
226144.33867775372,61439.67307692308,0.27701057172289084,0.0,14.127539157867432,52
78.6718830889863,675.7078651685393,8.61313141366126,0.0,3057.6616518497467,356
615.5338690816848,6626.75,10.843309841567663,0.0,1507.2200679779053,140
1387.6361522633222,20091.653846153848,14.762953393599567,0.0,752.9106230735779,52
141.35904166250802,2474.4210526315787,17.690730295282727,0.0,1662.9286477565763,95
23.297594287101592,755.9459459459459,32.74235839193518,0.0,3601.6594231128693,111
1063.932227089349,16223.024193548386,15.30990794216573,0.0,3781.5472617149353,248
186.04945396834324,123.9863737012434,0.6665297483869874,0.0,3912.529623031616,5871
594.5530592236071,21241.40740740741,36.400769188718975,0.0,1929.2407670021057,54
141.00183229630147,2216.3636363636365,15.862894909097514,0.0,1729.055545091629,110
3949.2716629574484,13582.566433566433,3.463478706252407,0.0,491.8139762878418,143
75.1919176920408,2891.39,38.84188685754333,0.0,3845.3467988967896,100
6.2300051649217725,77.35164835164835,12.484581226802003,0.0,2259.7092020511627,182
30.678576131484363,702.9408284023668,23.049472601640794,0.0,3872.311397075653,169
68.29500169094426,683.8525073746313,10.042839485512683,0.0,3394.4797461032867,339
1.18888626171432,76.22033898305085,65.21606419004243,0.0,3782.531723022461,59
241.37124290967063,1499.2767857142858,6.267456576630876,0.0,695.6876800060272,112
35.51823595187547,2099.4153846153845,60.03166240826249,0.0,3842.0263941288,65
598.2414055719896,25167.47619047619,42.575954385550624,0.0,3533.804214000702,84
1940.9588858946213,11907.582677165354,6.159145517311549,0.0,1558.2638158798218,254
144.97605246150542,1625.2748091603053,11.253595942281672,0.0,2937.1885409355164,262
1297.4582684168104,12084.6,9.342803882963866,0.0,3027.068458080292,325
2179.129962066658,12634.586466165414,5.819875074782462,0.0,1542.2668948173523,266
55.035543581674844,2378.323529411765,43.85930870184258,0.0,2938.5736830234528,68
286.13668804277313,1630.062818336163,5.706486103486042,0.0,3355.4138288497925,589
128734.92833664344,3620744.617647059,28.33391834894816,0.0,3825.0789771080017,136
265.2923116632867,16208.125,62.06511120569138,0.0,3910.102005958557,64
75.85734443129121,681.8283378746594,9.01285514219211,0.0,3298.7049820423126,367
1060.8894000195548,11851.479087452472,11.213905747610195,0.0,2938.043305873871,263
2093.959948425751,1443.027027027027,0.6985780800858589,0.0,50.9961998462677,74
18931.720045870003,46665.95161290323,2.5053701987032033,0.0,152.8275821208954,62
2287.2038858792876,1810.0333333333333,0.7957949278740909,0.0,142.44729208946228,180
536.6875536047143,25926.87837837838,48.97084145023398,0.0,3574.8714258670807,74
21.378959624765958,677.2870370370371,31.976150122758384,0.0,3421.448063135147,108
3646.9376960402415,20775.865874363328,5.706486020363919,0.0,3355.413779973984,589
138.5599281165415,677.5295815295815,4.896860728374106,0.0,3388.6276240348816,693
15812.887159599457,14182.166666666666,0.9069511917199982,0.0,80.71865606307983,90
111358.75336310662,17542.919254658384,0.15851975679397584,0.0,25.363161087036133,161
51.690691064023504,1035.1666666666667,20.365598577564047,0.0,1201.5703160762787,60
1410.2212606253274,11716.534482758621,8.337043592261608,0.0,2409.4055981636047,290
3716.248540689566,18593.20207253886,5.029276557266713,0.0,965.6210989952089,193
79503.64706532926,16048.84,0.20598259264109087,0.0,10.093147039413452,50
7.916149974052011,429.6,55.11675516888499,0.0,3527.4723308086395,65
1364.4540264626037,23050.74074074074,17.212496663039584,0.0,912.262323141098,54
233.55391311318397,1683.839552238806,7.223115611299176,0.0,3864.366852045059,536
74.95434093919057,1496.5050505050506,20.1692856112305,0.0,1976.589989900589,99
39.93782901944083,2924.0576923076924,74.65083180689344,0.0,3807.1924221515656,52
220.0440882932438,1992.961373390558,9.096139503964062,0.0,2110.3043649196625,233
925.8069629887144,28011.329545454544,30.603894746166535,0.0,2662.5388429164886,88
1012.809836681049,11938.711610486891,11.832027643246759,0.0,3147.3193531036377,267
678.6722477371608,5643.961538461538,8.351873188059729,0.0,1945.9864528179169,234
1217.3962326833448,1819.3207547169811,1.5231751524485075,0.0,79.20510792732239,53
5099.095227949896,5692.087719298245,1.1362274842602866,0.0,63.62873911857605,57
1200.4179777523682,11999.929155313352,10.023771777830488,0.0,3668.700470685959,367
9036.385915700686,32188.12743628186,3.5674060690510387,0.0,2375.892441987992,667
1384.7274626962162,19099.094262295082,13.849433823377508,0.0,3365.4124190807343,244
2226.4543133517886,1431.4358974358975,0.6512713803873433,0.0,50.14789628982544,78
5768.585528246539,6404.239336492891,1.1128293539169565,0.0,468.5011579990387,422
2854.559775968468,11966.342896174863,4.197744543020768,0.0,3068.551260948181,732
77.06752582670629,82.24515953095174,1.0674741822256784,0.0,3913.360352039337,3667
60.71533398923026,1690.5092592592594,28.10341801821629,0.0,3007.0657279491425,108
23.415964509644393,1223.4027777777778,52.98239166300062,0.0,3761.749808073044,72
188.64086870931865,13811.384615384615,74.65082288255878,0.0,3807.191967010498,52
44.421553799058046,672.6127167630058,15.229617110518522,0.0,2619.494143009186,173
3890.5083495912613,2620.102564102564,0.6822064449260761,0.0,52.52989625930786,78
482.7630626713121,8500.081395348838,17.814292388803818,0.0,1514.2148530483246,86
3248.7395089274596,56867.61052631579,17.690733574806373,0.0,1662.928956031799,95
333.26577948813787,1851.35734870317,5.5712533562169595,0.0,1927.653661251068,347
948.9039413766491,12027.003773584906,12.722637223474907,0.0,3358.7762269973755,265
998.1082959021544,16213.232323232323,16.32641774627763,0.0,3216.304296016693,198
5.070359595537553,166.92631578947368,33.272221522128326,0.0,3127.588823080063,95
1301.5784303810456,12033.909326424871,9.269642114639284,0.0,3568.812214136124,386
132.34872159670414,671.8435483870968,5.084513922692886,0.0,3147.3141181468964,620
37.81942976342085,1384.035294117647,37.0315447251002,0.0,3110.6497569084167,85
60.60948023427799,845.016,13.997969216611011,0.0,3485.494334936142,250
143.94725447705628,1933.9538461538461,13.645080499351025,0.0,873.2851519584656,65
1.1101073731131041,65.0,59.453708351575415,0.0,3864.4910428524017,66
40.302388502206306,2232.927536231884,56.21911728031495,0.0,3822.8999750614166,69
1193.3537024168363,76.4,0.06520683235592312,0.0,3.5211689472198486,55
350.32830418220243,1581.7401774397972,4.520752228758662,0.0,3562.3527562618256,789
13.140469276921259,400.2641509433962,30.75051445733933,0.0,3228.80401802063,106
2.0249738815685165,68.21904761904761,34.012784375594215,0.0,3537.329575061798,105
152.39623984109926,667.6987951807229,4.399000459140347,0.0,1090.952113866806,249
46672.73678842124,9090.3375,0.19723302503175372,0.0,15.581408977508543,80
34.87917397598117,696.8827160493827,20.104007640980786,0.0,3236.7452301979065,162
68.81895276492328,700.2857142857143,10.206143673854088,0.0,3419.0581307411194,336
1080.7526554562667,11801.423791821562,10.960379227773467,0.0,2937.381633043289,269
51.51736239306872,1558.715909090909,30.603899552904327,0.0,2662.5392611026764,88
62.26849693681339,678.0719424460432,10.928798494786562,0.0,3027.2771830558777,278
58.65874837880279,1802.3088235294117,31.183907017778996,0.0,2089.3217701911926,68
385.18063163694643,5408.484978540772,14.101948456517581,0.0,3271.652041912079,233
31.86902344248213,1876.2121212121212,59.778327582432674,0.0,3885.591292858124,66
67.76568472160787,677.41689373297,10.02377180063008,0.0,3668.700479030609,367
109945.29288969979,10785.546666666667,0.09942487768224768,0.0,7.357440948486328,75
39.1279172238961,1625.4395604395604,42.003257944848805,0.0,3780.293215036392,91
71.56891344635255,685.3830845771145,9.600428960567102,0.0,3849.772013187408,402
36.75367082496685,71.0672268907563,1.934565236377433,0.0,3911.6909079551697,2023
56110.50725829007,26065.848,0.4682911942082067,0.0,58.06810808181763,125
2.0949413796497964,120.1470588235294,58.20702177730959,0.0,3899.8704590797424,68
65.43864542766002,669.0344827586207,10.259220321285683,0.0,2964.9146728515625,290
3455.0623928583987,11542.242147923,3.344063568792285,0.0,3297.246678829193,987
316.1081798493294,18684.553846153845,60.03166387230158,0.0,3842.026487827301,65
779.5927216728174,1259.1168831168832,1.6363469989676225,0.0,124.3623719215393,77
567.3519625130314,17935.462809917357,31.876024399201075,0.0,3825.122927904129,121
85.87268159605199,1356.885,15.880527919261299,0.0,3160.2250559329987,200
20.671291309046325,132.2,6.40584447270348,0.0,3901.159283876419,610
5855.962699622664,37059.00746268657,6.376004857228215,0.0,848.0086460113525,134
8987.190315022855,1324.6274509803923,0.15033842086791993,0.0,7.516921043395996,51
108.46702940184562,1097.7047244094488,10.160170185707305,0.0,2570.523056983948,254
240.2653811414784,11809.218181818182,50.060925757443464,0.0,2703.289990901947,55
23.360265531418626,1687.1296296296296,73.58487692868934,0.0,3899.9984772205353,54
45.45691721205399,2289.2368421052633,51.032057215372724,0.0,3827.404291152954,76
444.8461096144153,747.780487804878,1.6878480823672548,0.0,413.5227801799774,246
1064.7891810341143,12343.293051359517,11.627369239113548,0.0,3837.031848907471,331
131.79907505352233,120.43915094339623,0.9140243439158056,0.0,3874.5491938591,4240
3434.9470383036514,9201.878947368421,2.693073876951107,0.0,508.9909627437592,190
1.55305349728098,67.91666666666667,44.257934372109105,0.0,3673.408552885056,84
181257.3012925958,16167.4375,0.09032512616507615,0.0,7.135684967041016,80
148.23679523157193,158.19580038178347,1.0674741874284845,0.0,3913.360371112824,3667
1453.5747114761125,11911.942857142858,8.22851567287914,0.0,2007.7578241825104,245
51.930481847441214,693.7509293680297,13.409071656305398,0.0,3593.631203889847,269
8807.965507002204,1682.0117647058823,0.19323823565528506,0.0,16.232011795043945,85
21797.40715187881,1944.2625,0.09032603758799879,0.0,7.135756969451904,80
1508.4416524424937,11976.869879518072,7.959074517379061,0.0,3295.056850194931,415
23.116925950489296,1698.3076923076924,74.90649262129092,0.0,3820.231123685837,52
1.7916951578214428,66.08910891089108,37.25522151947022,0.0,3725.5221519470215,101
52.44400625994189,678.6281407035176,13.005405273100342,0.0,2575.070244073868,199
23.096932124916776,1699.5849056603774,74.9999706194951,0.0,3899.998472213745,53
4954.663982809135,8506.7776,1.7182978503316568,0.0,2146.1540150642395,1250
1568.1781229103924,27875.433333333334,18.076963254960916,0.0,1066.540832042694,60
1137.0218754902783,1828.1728395061727,1.6279590040445329,0.0,130.23672032356262,81
5055.605863941259,1652.2,0.33347503992975974,0.0,16.340276956558228,50
118.32255453373324,669.0257289879931,5.66396880436599,0.0,3296.4298441410065,583
3600.3628493192246,8287.01724137931,2.3420982444495486,0.0,133.49959993362427,58
1977.8049321639542,21525.590257879656,10.914850626183652,0.0,3798.368017911911,349
802.1359517881843,11910.738396624472,14.911696203684402,0.0,3519.160304069519,237
422.53370826293093,1453.2027972027972,3.463478986646088,0.0,491.8140161037445,143
22.678875033800644,1054.1666666666667,47.0859838182276,0.0,3625.620754003525,78
523.4114354667222,25625.76923076923,49.5949642472453,0.0,3818.812247037888,78
49.42066151852986,679.6086956521739,13.806078967593965,0.0,3479.131899833679,253
94.77279057241314,675.9823943661971,7.157866943008908,0.0,2025.676344871521,284
161.45215938636443,1966.7005347593583,12.24681169371451,0.0,2277.906975030899,187
1763.4924982577108,978.0,0.5612630240888482,0.0,46.58483099937439,84
1.985661485547597,90.60240963855422,46.18476902566305,0.0,3787.15106010437,83
247.1885603711567,1809.6995708154507,7.336874308124665,0.0,3411.6465532779694,466
1690.7159498255955,12396.767676767677,7.347101888675922,0.0,3629.468333005905,495
9.060278996757987,147.33333333333334,16.551839713539398,0.0,926.9030239582062,57
68.89179524893505,667.9314641744548,9.725668311864137,0.0,3112.213859796524,321
123.12914103074326,2667.968992248062,21.83733661659062,0.0,2795.1790869235992,129
425.63887520412953,21435.42105263158,51.03205541610718,0.0,3827.4041562080383,76
614.3130790265524,10238.416666666666,16.84188376727857,0.0,1599.9789578914642,96
310.03916589579495,10454.67857142857,34.33360945094715,0.0,1888.3485198020933,56
69.55434122748342,683.6666666666666,9.856397695962896,0.0,3568.015965938568,363
6373.95802387087,1765.483870967742,0.2815246386606185,0.0,17.17300295829773,62
522.0027788318683,1993.1306483300589,3.8219920334680006,0.0,3886.965898036957,1018
7699.907266024894,12944.913279132792,1.685746233748353,0.0,620.3546140193939,369
291.4327360650085,5818.616161616162,20.169284601600804,0.0,1976.589890956879,99
9667.183609459285,21634.764671361503,2.2392735526061944,0.0,3813.482860088349,1704
525.6723405637905,1027.0592105263158,1.9667402055879302,0.0,296.97777104377747,152
13163.527893046457,6269.709090909091,0.48511423888029875,0.0,26.196168899536133,55
257.10755490234436,1897.0060240963855,7.422975303187515,0.0,1224.79092502594,166
49.33186702949418,673.8776371308016,13.717969572140001,0.0,3237.44081902504,237
116.79366249627273,677.1691729323309,5.819875100873551,0.0,1542.266901731491,266
51.125466888051406,1458.531746031746,28.756705600738524,0.0,3594.588200092316,126
295.79592246813195,2423.1446808510636,8.20941438400415,0.0,3850.215346097946,470
974.469784906485,3929.672025723473,4.036952682319117,0.0,3762.439899921417,933
4247.490291899092,1218.2307692307693,0.2924356647566253,0.0,14.91421890258789,52
8109.786924823243,1637.02,0.2059768754608777,0.0,10.092866897583008,50
2667.3808626985715,11422.564655172413,4.300853000574814,0.0,993.497043132782,232
59.755723952128086,2318.2604166666665,39.20399591797277,0.0,3724.3796122074127,96
371.97727011379834,6071.016736401673,16.38951005855528,0.0,3900.703393936157,239
2748.0206222268653,12039.991967871487,4.398999128610857,0.0,1090.9517838954926,249
3116.8696992750392,6727.794573643411,2.16690892282627,0.0,556.8955931663513,258
1963.6835444644432,1177.4657534246576,0.6079489986101786,0.0,43.77232789993286,73
134.64485061866148,1389.660792951542,10.366603164546257,0.0,2342.852315187454,227
33.77498510680079,336.48979591836735,9.988172683569474,0.0,3905.375519275665,392
5326.4716019572115,21110.40150699677,3.967570159712742,0.0,3681.9051082134247,929
345.08736225733327,1275.4674220963173,3.6995645378397635,0.0,3914.1392810344696,1059
2336.1277702426946,13837.0,5.962801328441441,0.0,888.4573979377747,150
20.80962249450882,109.55316285329744,5.271638572698012,0.0,3911.555820941925,743
14405.810301503247,1480.4835164835165,0.10391177601284451,0.0,9.352059841156006,91
15.858878877777324,222.01544401544402,14.053702705590302,0.0,3625.855298042298,259
4.472958867069721,72.73684210526316,16.551843306847978,0.0,926.9032251834868,57
1619.6670877065083,1798.1421800947867,1.1128294915314807,0.0,468.5012159347534,422
109.19199352174175,3492.2153846153847,32.482063341885805,0.0,2078.8520538806915,65
5.797508815862987,69.57777777777778,12.054900661110878,0.0,2700.2977480888367,225
1662.6594480948415,11859.19014084507,7.157867126667036,0.0,2025.6763968467712,284
702.0909670749713,3673.726907630522,5.239565308547851,0.0,3908.715720176697,747
2595.123576986609,3071.6428571428573,1.2051414186304266,0.0,66.28277802467346,56
1547.9173529284012,1355.920634920635,0.8900929497134301,0.0,55.185762882232666,63
1.9381423204682895,65.39823008849558,34.0440132596663,0.0,3812.9294850826254,113
1254.6967034923175,12332.7217630854,9.856397981143129,0.0,3568.016069173813,363
195.39029239040184,2401.9460317460316,12.332217286346824,0.0,3872.316227912903,315
2193.139712138149,44217.28333333333,20.503358069112746,0.0,1209.698126077652,60
108.57819636502104,671.8776595744681,6.221051839583698,0.0,1163.3366940021515,188
1126.6357610866708,2521.3638497652582,2.2392724244929174,0.0,3813.480938911438,1704
2881.0713328135644,12056.18918918919,4.207362663486729,0.0,774.1547300815582,185
2580.2486044589377,12616.886002886004,4.896860897541046,0.0,3388.627741098404,693
20877.22313783441,178187.68421052632,8.572627250318485,0.0,1945.986385822296,228
681.7766526005768,8172.2875,12.138482809066772,0.0,958.940141916275,80
116.1361178958291,1949.3653846153845,17.114298904643338,0.0,872.8292441368103,52
6493.774681418114,13069.353846153846,2.044044204056263,0.0,130.81882905960083,65
58.669143255285825,2465.4794520547944,42.60710287425253,0.0,3067.7114069461823,73
142.9325787595309,1019.7550274223034,7.14758468285585,0.0,3902.5812368392944,547
14941.566891919143,7885.144927536232,0.5354928970336914,0.0,36.413516998291016,69
554.9329017287896,23320.19178082192,42.60710305637784,0.0,3067.711420059204,73
2801.676947551223,25375.068669527896,9.09613936317378,0.0,2110.304332256317,233
2078.422146717815,70131.33673469388,34.090447081733,0.0,3306.7733669281006,98
3.8691501347132466,71.54028436018957,18.577969289961317,0.0,3901.373550891876,211
2.585767979737491,100.81318681318682,39.42091252273983,0.0,3547.882127046585,91
474.34277932867985,21613.819277108432,46.12150409454253,0.0,3781.963335752487,83
399.7387333285372,1621.7142857142858,4.061170366462437,0.0,3890.6012110710144,959
467.6354495285654,1359.4502617801047,2.914702839738741,0.0,1110.5017819404602,382
76.9302397079083,667.8447368421052,8.704078691301373,0.0,3298.84582400322,380
685.6582652127474,12016.269662921348,17.624170530987325,0.0,3119.4781839847565,178
96.20389284563294,1562.7323232323233,16.326418070623717,0.0,3216.3043599128723,198
2.7277117681589518,69.96899224806202,25.85156753845513,0.0,3309.0006449222565,129
12754.986201538033,31477.1875,2.499072316326673,0.0,197.42671298980716,80
13.974851498205744,918.3620689655172,66.86823715661701,0.0,3811.48951792717,58
47.20328463563561,1815.13,38.84188697073195,0.0,3845.346810102463,100
480.05045822320955,2726.1630901287554,5.703387521464249,0.0,1323.1859049797058,233
546.1849623642205,24638.941860465115,45.64170287076165,0.0,3879.54474401474,86
4742.352191128466,44118.898305084746,9.38268207688617,0.0,1097.7738029956818,118
7.9671214356923175,69.20794392523365,8.707037288076144,0.0,3717.9049220085135,428
787.7653581238357,8592.434163701068,10.94630696773529,0.0,3064.9659509658813,281
974.3279131543857,12313.081272084806,12.682326467324655,0.0,3576.416063785553,283
1.1271480123431477,69.96551724137932,63.16205296600074,0.0,3600.2370190620422,58
2.064685873016285,120.17910447761194,59.08889172655164,0.0,3899.866853952408,67
4641.245436042579,12319.67088607595,2.671295948089308,0.0,419.39346385002136,158
185.58793232698923,1719.108695652174,9.303491336289452,0.0,2130.4995160102844,230
78.29257419898103,1308.4410256410256,16.79834365476038,0.0,3258.878669023514,195
12229.06613555199,6473.644171779141,0.5326330617622093,0.0,86.2865560054779,163
1991.8757741463987,1531.2196014640097,0.7688888206408231,0.0,3780.626331090927,4918
1237.6480991970773,12075.78698224852,9.785996670539019,0.0,3297.880877971649,338
8216.477807099523,9809.038961038961,1.2016280647975948,0.0,183.849093914032,154
4.364510723685566,144.0,33.277814743847685,0.0,3860.226510286331,117
394.3642439411339,8528.835443037975,21.904063616043484,0.0,1708.5169620513916,79
303.7238525847581,4994.315217391304,16.533461282813487,0.0,3025.623414754868,184
24210.076357333513,277471.29032258067,11.494692467941958,0.0,3908.1954391002655,341
317.98455659392874,12286.050632911392,39.13260516753564,0.0,3052.3432030677795,79
98.86837216596751,666.335260115607,6.778803854487663,0.0,1165.954262971878,173
11271.245426613355,6758.479452054795,0.6079494290881687,0.0,43.77235889434815,73
2.754818619587859,171.0,63.16205312494645,0.0,3600.237028121948,58
83.07981713169994,668.4414634146342,8.065446190845703,0.0,3298.767492055893,410
77.94659670798939,1537.0471204188482,19.823018673846594,0.0,3766.373548030853,191
704.3209432057331,965.9268292682926,1.388361174383281,0.0,112.45725512504578,82
188.6265232850224,13311.901960784313,71.98425631523132,0.0,3599.212815761566,51
7.000483308145081,329.1463414634146,47.59812456884502,0.0,3855.448090076447,82
323.4062130525401,1209.325,3.7465424505502045,0.0,1944.455531835556,520
250.81739357415475,1590.5146726862301,6.355672146400176,0.0,2809.2070887088776,443
85.47593345814033,6645.76,79.33680839441261,0.0,3887.5036113262177,50
54.265323309973425,2697.5,50.355038924650714,0.0,3877.337997198105,78
56.12369954244156,2711.2837837837837,48.97083905625017,0.0,3574.871251106262,74
110.41072239914233,672.5218253968254,6.103201140940308,0.0,3069.910173892975,504
32.91914552961542,166.01673640167365,5.064356411204619,0.0,1205.3168258666992,239
11.678362110074046,430.7722772277228,37.255224311351775,0.0,3725.5224311351776,101
4560.620227125699,4712.635294117647,1.0456336765062242,0.0,87.83322882652283,85
5.845849571233085,282.53333333333336,48.9837016608264,0.0,3624.7939229011536,75
18.11717328036942,389.15909090909093,21.602865473883494,0.0,3780.501457929611,176
802.1121025471185,1348.4932249322494,1.6857464242240656,0.0,620.3546841144562,369
1073.984928219674,10670.116883116883,10.000006449767966,0.0,1530.000986814499,154
70.07275952219936,1566.9176470588236,22.627500891685486,0.0,1900.7100749015808,85
121.83794137173456,869.254113345521,7.1475777088940795,0.0,3902.577429056168,547
1655.8073625457166,192.16023684531802,0.11605583255159925,0.0,3802.3372418880463,32764
940.3095492940663,7059.862068965517,7.545187525229879,0.0,1524.1278800964355,203
1.0409277708332265,66.75,65.38284925853505,0.0,3334.5253121852875,52
10.749006003413593,116.60445682451254,10.878230746231933,0.0,3894.406607151032,359
55.005445628524775,673.2333333333333,12.290605075189758,0.0,2937.454612970352,240
157.73499746761627,7770.835616438356,49.94937087761031,0.0,3596.3547031879425,73
8373.989271184313,4570.633928571428,0.5474424988476199,0.0,183.39323711395264,336
685.1677013808861,11936.098522167487,17.506937490831508,0.0,3536.4013731479645,203
46.665923585591365,667.9024390243902,14.382581957415038,0.0,2934.046719312668,205
375.15917452263966,20785.44927536232,56.219117322388826,0.0,3822.89997792244,69
339.2735345361406,2053.4150943396226,6.1687801526143,0.0,320.7765679359436,53
266.43747545429517,7418.472222222223,28.103417980336697,0.0,3007.0657238960266,108
4612.726536101978,12390.905405405405,2.723041077182718,0.0,198.7819986343384,74
661.176475129631,1629.774193548387,2.505370147892686,0.0,152.82757902145386,62
3.443068961390261,220.78846153846155,65.38284582250259,0.0,3334.525136947632,52
4686.569238359274,18186.617543859647,3.8874022847529246,0.0,2211.931900024414,570
1049.0034056110474,1867.110552763819,1.7843732365432854,0.0,708.3961749076843,398
519.4179760865994,25819.98717948718,50.355037546777105,0.0,3877.337891101837,78
501.1572156995644,1662.238434163701,3.32271266153577,0.0,1864.0418031215668,562
1957.7559685724013,12114.515957446809,6.221050866784896,0.0,1163.3365120887756,188
1342.1186217850434,12211.735714285714,9.13146213562258,0.0,2547.6779358387,280
560.4504967806419,24860.84705882353,44.88676460867837,0.0,3770.488227128983,85
3373.4888526604227,41093.550802139034,12.246812032115075,0.0,2277.907037973404,187
17414.438278587728,7494.261146496815,0.43310620540227646,0.0,67.56456804275513,157
780.6679583917011,1312.2926829268292,1.6878481631376305,0.0,413.5227999687195,246
1327.2151603550742,11883.758024691359,8.976067802103438,0.0,3626.331392049789,405
485.35049799150687,1838.0537634408602,3.828228499578393,0.0,352.19702196121216,93
284.05517919501074,13355.609756097561,47.59812465126132,0.0,3855.448096752167,82
1378.1066018020524,459.1963890308295,0.33323655726708395,0.0,3912.530418872833,11742
