interval,cdf
1e-06,0.002009996087793116
2e-06,0.002009996087793116
3e-06,0.002057900661881532
4e-06,0.0025090020678807815
4.9999999999999996e-06,0.003856318214117478
6e-06,0.005790465392937269
7e-06,0.005812421656061126
8e-06,0.005888270565034452
9e-06,0.006014020072016543
9.999999999999999e-06,0.006139769578998634
1.1e-05,0.006153741746441089
1.2e-05,0.006193662224848103
1.3e-05,0.006221606559733012
1.4e-05,0.006243562822856869
1.4999999999999999e-05,0.006253542942458622
1.6e-05,0.006291467396945285
1.7e-05,0.006311427636148791
1.8e-05,0.006325399803591246
1.8999999999999998e-05,0.006355340162396506
1.9999999999999998e-05,0.006393264616883169
2.1e-05,0.006588874961077533
2.2e-05,0.006680692061413664
2.3e-05,0.006778497233510847
2.4e-05,0.006868318309926626
2.4999999999999998e-05,0.0069501552906610035
2.6e-05,0.00715175370661642
2.7e-05,0.0072495588787136024
2.8e-05,0.007353352122571837
2.9e-05,0.007433193079385864
2.9999999999999997e-05,0.007534990299323747
3.1e-05,0.00772461257175706
3.2e-05,0.007794473408969333
3.2999999999999996e-05,0.007866330270101958
3.4e-05,0.007964135442199139
3.5e-05,0.008051960494694569
3.6e-05,0.008121821331906842
3.7e-05,0.008365336250189622
3.7999999999999995e-05,0.008491085757171713
3.9e-05,0.008626815383755558
3.9999999999999996e-05,0.00878050922562256
4.1e-05,0.00895815535453377
4.2e-05,0.009405264712692317
4.2999999999999995e-05,0.009594886985125629
4.4e-05,0.009780517209718242
4.4999999999999996e-05,0.009968143458231203
4.6e-05,0.010149781634983113
4.7e-05,0.010457169318717116
4.8e-05,0.01059289894530096
4.9e-05,0.010696692189159194
4.9999999999999996e-05,0.010798489409097079
5.1e-05,0.010916254820397767
5.2e-05,0.01113382142771599
5.3e-05,0.011241606719414925
5.4e-05,0.01131745562838825
5.4999999999999995e-05,0.011397296585202277
5.6e-05,0.011523046092184368
5.6999999999999996e-05,0.011710672340697332
5.8e-05,0.011794505345352058
5.9e-05,0.011868358230405033
5.9999999999999995e-05,0.01195019521113941
6.1e-05,0.01204001628755519
6.2e-05,0.012211674344705346
6.3e-05,0.012289519277599022
6.4e-05,0.012369360234413049
6.5e-05,0.012471157454350934
6.599999999999999e-05,0.012560978530766712
6.7e-05,0.012748604779279676
6.8e-05,0.012814473568651247
6.9e-05,0.01288233838194317
7e-05,0.012930242956031585
7.099999999999999e-05,0.012996111745403157
7.2e-05,0.013067968606535781
7.3e-05,0.013231642568004536
7.4e-05,0.01330948750089821
7.5e-05,0.013383340385951185
7.599999999999999e-05,0.013447213151402406
7.7e-05,0.01352106603645538
7.8e-05,0.013706696261047993
7.9e-05,0.013752604811216058
7.999999999999999e-05,0.013824461672348682
8.099999999999999e-05,0.013894322509560955
8.2e-05,0.013950211179330773
8.3e-05,0.01411787718864023
8.4e-05,0.0141797539301711
8.499999999999999e-05,0.014231650552100216
8.599999999999999e-05,0.014291531269710736
8.7e-05,0.014353408011241606
8.8e-05,0.014489137637825451
8.9e-05,0.014580954738161582
8.999999999999999e-05,0.014656803647134908
9.099999999999999e-05,0.014732652556108233
9.2e-05,0.014800517369400155
9.3e-05,0.014950219163426455
9.4e-05,0.015020080000638727
9.499999999999999e-05,0.0150859487900103
9.6e-05,0.015155809627222573
9.7e-05,0.015209702273072041
9.8e-05,0.015375372258461145
9.9e-05,0.015453217191354821
9.999999999999999e-05,0.015517089956806042
0.0001,0.015517089956806042
0.00011,0.016431268912326644
0.00012,0.01755902242732477
0.00013000000000000002,0.0188644220712341
0.00014,0.02030954338956798
0.00015000000000000001,0.02217582575509585
0.00015999999999999999,0.024191809914650017
0.00017,0.027383452163290724
0.00017999999999999998,0.02945133294477401
0.00019,0.031461329032567126
0.00019999999999999998,0.033453360905077084
0.00021,0.03594240273375436
0.00021999999999999998,0.03975480842162413
0.00023,0.04553529369495964
0.00023999999999999998,0.053808812844813134
0.00025,0.06808237989924071
0.00026,0.0852641538056192
0.00027,0.09758960151378454
0.00028,0.10794297758864342
0.00029,0.11762568962626448
0.0003,0.12379939161190907
0.00031,0.1288114076759096
0.00031999999999999997,0.1348553681067314
0.00033,0.14445025509185702
0.00033999999999999997,0.15504115801323762
0.00035,0.16500131737578744
0.00035999999999999997,0.17198740109701474
0.00036999999999999994,0.17711319052447524
0.00037999999999999997,0.18069405743758432
0.00039,0.18370406150947313
0.00039999999999999996,0.1871032902458303
0.00040999999999999994,0.19061629234564748
0.00041999999999999996,0.19320713139426263
0.00043,0.1955504634767543
0.00043999999999999996,0.1978818194157239
0.00044999999999999993,0.20051657099058676
0.00045999999999999996,0.20333894881396258
0.00047,0.20618727494830297
0.00047999999999999996,0.20934498479029773
0.00049,0.21235698488610688
0.0005,0.21533704859919042
0.00051,0.2186025437328841
0.00052,0.2219199354885069
0.00053,0.2247762457185287
0.00054,0.22785810665155012
0.00055,0.23102380058922625
0.00056,0.23426733945979608
0.00057,0.23789411492307325
0.00058,0.2420019321511549
0.00059,0.24615366190548427
0.0006000000000000001,0.2505129781475301
0.00061,0.25456091465800124
0.00062,0.2586308074315963
0.00063,0.2625609785307667
0.0006399999999999999,0.2665729866106715
0.00065,0.2703873883224617
0.00066,0.27380258525018164
0.00067,0.2771139889340434
0.00068,0.27993836278133954
0.00069,0.28238948015553017
0.0007,0.2848545696971633
0.00071,0.28684660156967323
0.0007199999999999999,0.28879272489201513
0.00073,0.2907747766449233
0.00074,0.2924354685466551
0.00075,0.2939644228696437
0.00076,0.29539756804445544
0.00077,0.29668300744916126
0.00078,0.29780078084455763
0.00079,0.29893651845523717
0.0007999999999999999,0.29998842306126194
0.00081,0.301257894274605
0.00082,0.30280481281287674
0.00083,0.30496051864685547
0.00084,0.3076152304609218
0.00085,0.31127194628300425
0.00086,0.31544363627653715
0.00087,0.3199366861212465
0.0008799999999999999,0.32392274589018677
0.00089,0.3278968295156049
0.0009,0.3316932670121119
0.00091,0.33517233670528307
0.00092,0.3383759550974459
0.0009299999999999999,0.3416035257766529
0.00094,0.344495764437241
0.00095,0.3472323132320418
0.0009599999999999999,0.3497832318022499
0.0009699999999999999,0.35229023784621033
0.00098,0.35452778066092344
0.00099,0.35645993181582286
0.001,0.3583122420139083
0.0011,0.3734959959760158
0.0012000000000000001,0.38242620699566465
0.0013000000000000002,0.3879771495181598
0.0014000000000000002,0.3921767838465776
0.0015000000000000002,0.3962985732421017
0.0016000000000000003,0.40019680795854656
0.0017000000000000003,0.4030591062603294
0.0018000000000000004,0.4053944542471397
0.0019000000000000004,0.4071529513209686
0.0020000000000000005,0.40864996926123165
0.0021000000000000003,0.4101070667230876
0.0022000000000000006,0.4115062794912534
0.002300000000000001,0.4129633769531094
0.0024000000000000007,0.41478574679238955
0.0025000000000000005,0.41675582240177567
0.0026000000000000007,0.41853228369088774
0.002700000000000001,0.42040655015209705
0.002800000000000001,0.4225482838186333
0.0029000000000000007,0.42474391013101903
0.003000000000000001,0.42708125414174963
0.003100000000000001,0.42955233175514373
0.003200000000000001,0.4318098348090604
0.003300000000000001,0.43401743726496816
0.003400000000000001,0.43599150492219496
0.0035000000000000014,0.43804142148839514
0.003600000000000001,0.43971009748580825
0.003700000000000001,0.44120911144999164
0.0038000000000000013,0.44272409360553777
0.0039000000000000016,0.44421711949796006
0.004000000000000002,0.4458079505624795
0.004100000000000001,0.4472011752588843
0.0042000000000000015,0.4483788293718912
0.004300000000000002,0.44948861867160617
0.004400000000000001,0.45052455508626815
0.004500000000000001,0.45148863463979755
0.004600000000000002,0.4523688811886722
0.004700000000000002,0.45330102435947595
0.004800000000000002,0.4540894538080144
0.004900000000000002,0.45492778385456173
0.005000000000000002,0.45573218149446304
0.005100000000000002,0.4564108296273823
0.005200000000000002,0.4571573425735934
0.005300000000000002,0.45781203841946844
0.005400000000000002,0.45860246389192727
0.005500000000000002,0.4597781219810138
0.005600000000000002,0.46100368066810915
0.005700000000000002,0.46249670656053143
0.005800000000000002,0.4639019074004583
0.0059000000000000025,0.4651733746377217
0.006000000000000003,0.4663809691095338
0.006100000000000002,0.46737898106970915
0.006200000000000002,0.4681893667813715
0.006300000000000003,0.46891591948837913
0.006400000000000002,0.4695606352146524
0.006500000000000002,0.4702612396106955
0.0066000000000000026,0.4709279116000926
0.006700000000000003,0.4715207307044368
0.006800000000000003,0.4721095577609402
0.0069000000000000025,0.4726484842194349
0.007000000000000003,0.47327323970650464
0.007100000000000003,0.4738460985716453
0.007200000000000002,0.47444091369990976
0.007300000000000003,0.4749958083497673
0.007400000000000003,0.47559860757371314
0.007500000000000003,0.4762812477544731
0.0076000000000000035,0.47692197143290566
0.007700000000000003,0.47767048040303717
0.007800000000000003,0.47831719215323076
0.007900000000000004,0.47913556196057455
0.008000000000000004,0.4798122140695734
0.008100000000000003,0.48053477472874034
0.008200000000000002,0.4811794904550136
0.008300000000000004,0.4818681187075346
0.008400000000000005,0.48246492985971945
0.008500000000000004,0.4831595461840015
0.008600000000000003,0.48383619829300034
0.008700000000000003,0.4844330094451852
0.008800000000000002,0.4850437927648125
0.008900000000000005,0.48559868741467
0.009000000000000005,0.4861515860406071
0.009100000000000004,0.4866465999728541
0.009200000000000003,0.48719351052703014
0.009300000000000003,0.4877883256552947
0.009400000000000006,0.4883532004247539
0.009500000000000005,0.4888741626679654
0.009600000000000004,0.4893991169590176
0.009700000000000004,0.4898801587238221
0.009800000000000003,0.4903312601298214
0.009900000000000003,0.4907963337032631
0.01,0.49116360210460763
0.011,0.49516163801706997
0.011999999999999999,0.5005548946498575
0.012999999999999998,0.5049700995616732
0.013999999999999997,0.5094990778369488
0.014999999999999996,0.5137725650504196
0.015999999999999993,0.5182516427276864
0.016999999999999994,0.5223414957404849
0.017999999999999995,0.5253375276449312
0.018999999999999993,0.528147929324785
0.01999999999999999,0.5305551341727279
0.02099999999999999,0.5329763111881133
0.021999999999999992,0.5349204384865348
0.02299999999999999,0.5368525896414342
0.023999999999999987,0.5386390310501481
0.024999999999999988,0.5404474287219858
0.02599999999999999,0.5422398582024607
0.02699999999999999,0.5441061405679886
0.027999999999999983,0.5478806218013716
0.028999999999999984,0.5515433256952151
0.029999999999999985,0.5537329639358398
0.030999999999999986,0.5557988486934028
0.03199999999999998,0.5576351907001253
0.03299999999999998,0.5592479780277687
0.03399999999999998,0.561122244488978
0.03499999999999998,0.563501505002036
0.035999999999999976,0.5652400418366613
0.03699999999999998,0.5666771790593138
0.03799999999999998,0.5680364713490726
0.03899999999999998,0.5699726145518128
0.03999999999999997,0.5714875967073589
0.040999999999999974,0.5728389049014363
0.041999999999999975,0.5741043840669386
0.042999999999999976,0.5751463085533617
0.04399999999999998,0.576252105805236
0.04499999999999997,0.5773060064351812
0.04599999999999997,0.5782980303235954
0.04699999999999997,0.579479676484443
0.047999999999999966,0.5806872709562552
0.04899999999999997,0.5818230085669347
0.04999999999999997,0.5827990642639861
0.05099999999999997,0.5838849012766569
0.05199999999999997,0.5848709370933102
0.052999999999999964,0.5858729411013262
0.053999999999999965,0.5867551836741212
0.054999999999999966,0.5876314381751551
0.05599999999999996,0.5885296489393129
0.05699999999999996,0.5895336489712493
0.05799999999999996,0.5904039154005222
0.05899999999999996,0.5915196927719982
0.05999999999999996,0.5924797802776869
0.06099999999999996,0.5934977524770657
0.06199999999999996,0.5945077405807632
0.06299999999999996,0.5954758121821332
0.06399999999999995,0.5966335060559366
0.06499999999999995,0.5976973868054835
0.06599999999999995,0.598639510095889
0.06699999999999995,0.5996854266301528
0.06799999999999995,0.6008012040016287
0.06899999999999995,0.6019030092056623
0.06999999999999995,0.6027992239458998
0.07099999999999995,0.6036555182077302
0.07199999999999994,0.6045018323499589
0.07299999999999994,0.6054219993772405
0.07399999999999994,0.6062982538782745
0.07499999999999994,0.6071106356138571
0.07599999999999994,0.6079968702344929
0.07699999999999994,0.6089350014770577
0.07799999999999994,0.6098232321216137
0.07899999999999993,0.6107194468618512
0.07999999999999993,0.611583725219363
0.08099999999999993,0.6123302381655742
0.08199999999999993,0.6131106835184312
0.08299999999999993,0.6138312481536778
0.08399999999999994,0.6145338485736414
0.08499999999999994,0.6152404410414455
0.08599999999999992,0.6160947392793555
0.08699999999999992,0.6172544291770793
0.08799999999999993,0.6182504451133343
0.08899999999999993,0.6191985564755008
0.08999999999999993,0.6199071449672253
0.09099999999999993,0.6207215227267283
0.09199999999999993,0.6214440833858953
0.09299999999999993,0.6221486798297791
0.09399999999999993,0.6228792245846274
0.09499999999999992,0.6236417057222013
0.09599999999999992,0.6242385168743863
0.09699999999999992,0.6248992007920223
0.09799999999999992,0.6255678688053398
0.09899999999999992,0.6263163777754712
0.09999999999999992,0.6269391372386207
0.1,0.6269391372386207
0.11,0.6346637498103778
0.12,0.6411448394797563
0.13,0.6458354956925804
0.13999999999999999,0.6513984143585977
0.14999999999999997,0.6559693091362007
0.15999999999999998,0.6599513768573002
0.16999999999999998,0.664071170228904
0.17999999999999997,0.6676181047353672
0.18999999999999995,0.6706520610943002
0.19999999999999996,0.673901588036631
0.20999999999999996,0.6770573018547055
0.21999999999999995,0.680230979888063
0.22999999999999995,0.6831192265008104
0.23999999999999994,0.6854306222005765
0.24999999999999992,0.6876342326086435
0.2599999999999999,0.6894566024479237
0.2699999999999999,0.691785962362973
0.2799999999999999,0.6935145190779967
0.2899999999999999,0.6953847934913652
0.29999999999999993,0.6974267259618839
0.30999999999999994,0.699135322437704
0.3199999999999999,0.7008279507221614
0.32999999999999985,0.7024527141933269
0.33999999999999986,0.7039457400857492
0.34999999999999987,0.7052192033469329
0.3599999999999999,0.7064527461297097
0.3699999999999999,0.7077681258932207
0.3799999999999999,0.7090615493936079
0.3899999999999999,0.7106204440754018
0.3999999999999998,0.7120156647957269
0.4099999999999998,0.7134308457552555
0.4199999999999998,0.7149019153845539
0.4299999999999998,0.7162771758656755
0.43999999999999984,0.7176704005620803
0.44999999999999984,0.7188300904598041
0.45999999999999985,0.7199897803575278
0.46999999999999986,0.7210696292984375
0.47999999999999976,0.7220596571629314
0.48999999999999977,0.7231714424865667
0.4999999999999998,0.7240836254181671
0.5099999999999998,0.7249738520866434
0.5199999999999998,0.7258221622527924
0.5299999999999998,0.7267083968734281
0.5399999999999998,0.7276325559485505
0.5499999999999998,0.7286465361000887
0.5599999999999997,0.7295207945772022
0.5699999999999997,0.7307144168815719
0.5799999999999997,0.7317922697985613
0.5899999999999997,0.7330238165574177
0.5999999999999998,0.7351495820325911
0.6099999999999998,0.7388522064048415
0.6199999999999998,0.7419121110747391
0.6299999999999997,0.7446726121565841
0.6399999999999997,0.7467125486031825
0.6499999999999997,0.7486446997580819
0.6599999999999997,0.7505209622432115
0.6699999999999997,0.7520698768054036
0.6799999999999997,0.7535828629370295
0.6899999999999997,0.7549960478726377
0.6999999999999996,0.7563533441384761
0.7099999999999996,0.7578363899112966
0.7199999999999996,0.759175721961852
0.7299999999999996,0.7605150540124073
0.7399999999999997,0.7617466007712637
0.7499999999999997,0.7630020998171642
0.7599999999999997,0.7645430302836749
0.7699999999999997,0.7664053206013621
0.7799999999999997,0.7685869747463053
0.7899999999999996,0.7719862034826626
0.7999999999999996,0.777806609234405
0.8099999999999996,0.7852677466486758
0.8199999999999996,0.7968446853867097
0.8299999999999996,0.8029804629178676
0.8399999999999996,0.8060742999944112
0.8499999999999996,0.8083537593114516
0.8599999999999995,0.8099785227826171
0.8699999999999996,0.8114076759095881
0.8799999999999996,0.8127030954338956
0.8899999999999996,0.8138188728053717
0.8999999999999996,0.8148128927177063
0.9099999999999996,0.8155474295203954
0.9199999999999996,0.8162999305383676
0.9299999999999996,0.8170604156520211
0.9399999999999996,0.817731079689259
0.9499999999999995,0.8184296880613817
0.9599999999999995,0.8190803918594161
0.9699999999999995,0.8197570439684149
0.9799999999999995,0.8203338948813963
0.9899999999999995,0.8210005668707934
1.0,0.8216732269319516
1.1,0.8282820621322325
1.2000000000000002,0.833395875416171
1.3000000000000003,0.8409707861939018
1.4000000000000004,0.8451265079960718
1.5000000000000004,0.8505457129398238
1.6000000000000005,0.8541525281638975
1.7000000000000006,0.8581944766026076
1.8000000000000007,0.8614020870426111
1.9000000000000008,0.8661466359012846
2.000000000000001,0.8895540084152368
2.100000000000001,0.895104950937732
2.200000000000001,0.8971249271451269
2.300000000000001,0.8990890146827519
2.4000000000000012,0.9007437185127226
2.5000000000000013,0.9023764660795695
2.6000000000000014,0.90408705857931
2.7000000000000015,0.9057357743375196
2.8000000000000016,0.9072128320385792
2.9000000000000017,0.9083306054339755
3.0000000000000018,0.909733810249982
3.100000000000002,0.9110811263962187
3.200000000000002,0.9122408162939425
3.300000000000002,0.9135342397943297
3.400000000000002,0.9146979217398942
3.500000000000002,0.9157338581545561
3.6000000000000023,0.9166799734928024
3.7000000000000024,0.9177797826729156
3.8000000000000025,0.9187917668005333
3.9000000000000026,0.9197079417799743
4.000000000000003,0.9206141366398135
4.100000000000003,0.9213347012750601
4.200000000000003,0.9221151466279172
4.3000000000000025,0.9228776277654911
4.400000000000003,0.9237399100990826
4.5000000000000036,0.9245542878585857
4.600000000000003,0.9252528962307084
4.700000000000003,0.9259874330333975
4.800000000000003,0.9266900334533609
4.900000000000004,0.927390637849404
5.0000000000000036,0.9281012223650488
5.100000000000003,0.9287938426654105
5.200000000000004,0.9294605146548076
5.300000000000004,0.930504435165151
5.400000000000004,0.9313327850920965
5.5000000000000036,0.9319834888901308
5.600000000000004,0.9325982642575988
5.700000000000005,0.933219027696828
5.800000000000004,0.9337020654855528
5.900000000000004,0.934233007848366
6.000000000000004,0.9346861052782857
6.100000000000005,0.9352749323347891
6.200000000000005,0.935763958195275
6.300000000000004,0.9362689522471237
6.400000000000005,0.9368038866577777
6.500000000000005,0.9372649681833787
6.600000000000005,0.9376502008000064
6.700000000000005,0.9381791471388993
6.800000000000005,0.938672165047226
6.900000000000006,0.9391472187402694
7.000000000000005,0.9395524115961006
7.100000000000005,0.9399296601170468
7.2000000000000055,0.9403049126140728
7.300000000000006,0.9407420418526296
7.400000000000006,0.9411791710911863
7.500000000000005,0.9415464394925309
7.600000000000006,0.9420813739031848
7.700000000000006,0.9424446502566887
7.800000000000006,0.9428538351603606
7.900000000000006,0.9432370717530679
8.000000000000007,0.9436562367763415
8.100000000000007,0.9440534455364913
8.200000000000006,0.944466622488004
8.300000000000006,0.9448398789611094
8.400000000000006,0.9452031553146133
8.500000000000007,0.9455764117877189
8.600000000000007,0.9458658352561697
8.700000000000006,0.946243083777116
8.800000000000008,0.9466263203698233
8.900000000000007,0.9473728333160345
9.000000000000007,0.9478219386981134
9.100000000000007,0.9480714416881572
9.200000000000006,0.9484087697306964
9.300000000000008,0.9487041812709084
9.400000000000007,0.9489896126915185
9.500000000000007,0.9492530878490048
9.600000000000009,0.9495784397480219
9.700000000000008,0.9498359268337472
9.800000000000008,0.950085429823791
9.900000000000007,0.9503309407659941
10.0,0.9506423204975688
11.0,0.9532092072591398
12.0,0.9553948534519238
13.0,0.9571453664300713
14.0,0.9588918873603781
15.0,0.9603729371092783
16.0,0.9623130723598592
17.0,0.9636224640516092
18.0,0.9650356489872175
19.0,0.9661374541912511
20.0,0.9670576212185327
21.0,0.9679658121022923
22.0,0.9688700109382111
23.0,0.9697043489369177
24.0,0.9705566511509074
25.0,0.9713410885516052
26.0,0.9721874026938339
27.0,0.9729259315443636
28.0,0.9735626631749554
29.0,0.9741335260161758
30.0,0.9747123729530774
31.0,0.975540722880023
32.0,0.9762093908933405
33.0,0.9769479197438702
34.0,0.9775247706568515
35.0,0.9779738760389305
36.0,0.9784130013014076
37.0,0.978716396937301
38.0,0.9791335659366542
39.0,0.9794209933811847
40.0,0.979724389017078
41.0,0.9800078244137678
42.0,0.980407029197838
43.0,0.9808202061493505
44.0,0.9811056375699606
45.0,0.9813212081533585
46.0,0.9816206117414111
47.0,0.9818401743726497
48.0,0.982103649530136
49.0,0.9822812956590472
50.0,0.982530798649091
51.0,0.9827743135673738
52.0,0.9829978682464531
53.0,0.9832453752125766
54.0,0.9834928821787
55.0,0.983686496498974
56.0,0.9841116495940088
57.0,0.9842972798186014
58.0,0.9845407947368842
59.0,0.9847144488179547
60.0,0.9856006834385903
61.0,0.9863751407196863
62.0,0.9866166596140488
63.0,0.9869659638001101
64.0,0.9872254469097558
65.0,0.9874869260433217
66.0,0.9877304409616045
67.0,0.9878961109469936
68.0,0.9880218604539757
69.0,0.9881336377935153
70.0,0.9882294469416921
71.0,0.988371164640037
72.0,0.9885547988407093
73.0,0.988706496658656
74.0,0.9889001109789299
75.0,0.9890338445815935
76.0,0.9891496139689738
77.0,0.9892993157630001
78.0,0.9894849459875927
79.0,0.9896067034467341
80.0,0.9897883416234861
81.0,0.9898821547477425
82.0,0.9899779638959193
83.0,0.9901176855703439
84.0,0.9901975265271579
85.0,0.9903093038666976
86.0,0.9904031169909541
87.0,0.9905208824022547
88.0,0.990670584196281
89.0,0.990790345631502
90.0,0.9908901468275196
91.0,0.9910039201909796
92.0,0.9911636021046076
93.0,0.9913113078747136
94.0,0.9914170971424922
95.0,0.9914949420753858
96.0,0.9915508307451556
97.0,0.9916346637498104
98.0,0.9917125086827041
99.0,0.9918841667398542
100.0,0.991979975888031
110.0,0.9925707989684548
120.0,0.9931336777139937
130.0,0.9939500514974171
140.0,0.994239474965868
150.0,0.9944570415731863
160.0,0.9948742105725396
170.0,0.9950977652516187
180.0,0.9952853915001317
190.0,0.995622719542671
200.0,0.9957584491692548
210.0,0.995890186747998
220.0,0.9961356976902012
230.0,0.9962335028622983
240.0,0.9963133438191123
250.0,0.9964889939241032
260.0,0.9965967792158021
270.0,0.9967165406510231
280.0,0.996966043641067
290.0,0.9971297176025358
300.0,0.9973333120424115
310.0,0.9976087633434199
320.0,0.997660659965349
330.0,0.9977125565872781
340.0,0.997802377663694
350.0,0.9978582663334638
360.0,0.9979321192185168
370.0,0.9980319204145343
380.0,0.9980598647494192
390.0,0.9981257335387907
400.0,0.9982794273806578
410.0,0.9983113637633834
420.0,0.9983592683374718
430.0,0.9984191490550822
440.0,0.9984670536291707
450.0,0.9984830218205335
460.0,0.9985468945859847
470.0,0.9985628627773475
480.0,0.9985788309687104
490.0,0.9986427037341615
500.0,0.9986706480690465
510.0,0.9987065764996128
520.0,0.9987544810737012
530.0,0.9987664572172232
540.0,0.9987864174564268
550.0,0.9988822266046037
560.0,0.9989021868438072
570.0,0.9989261391308514
580.0,0.9989680556331787
590.0,0.9989999920159043
600.0,0.9990199522551079
610.0,0.9990538846617538
620.0,0.9990718488770369
630.0,0.9990878170683998
640.0,0.9991137653793644
650.0,0.9991237454989661
660.0,0.9991357216424882
670.0,0.9991716500730545
680.0,0.9991936063361784
690.0,0.9992055824797005
700.0,0.999225542718904
710.0,0.9992335268145853
720.0,0.9992415109102667
730.0,0.9992415109102667
740.0,0.9992494950059482
750.0,0.9992534870537888
760.0,0.9992854234365145
770.0,0.9992934075321959
780.0,0.9992934075321959
790.0,0.9993133677713993
800.0,0.9993173598192401
810.0,0.9993253439149214
820.0,0.999345304154125
830.0,0.9993532882498064
840.0,0.999357280297647
850.0,0.9993732484890099
860.0,0.999385224632532
870.0,0.9994011928238948
880.0,0.9994171610152576
890.0,0.9994211530630983
900.0,0.9994211530630983
910.0,0.9994291371587797
920.0,0.9994371212544612
930.0,0.9994411133023018
940.0,0.9994451053501425
950.0,0.9994451053501425
960.0,0.9994451053501425
970.0,0.9994690576371867
980.0,0.9994690576371867
990.0,0.9994690576371867
1000.0,0.9994730496850274
1100.0,0.9995768429288857
1200.0,0.9996087793116113
1300.0,0.9997045884597882
1400.0,0.9997684612252393
1500.0,0.9998283419428499
1600.0,0.9998722544690976
1700.0,0.9998962067561418
1800.0,0.9999001988039825
1900.0,0.9999401192823895
2000.0,0.9999481033780708
2100.0,0.9999600795215929
2200.0,0.999972055665115
2300.0,0.999972055665115
2400.0,0.9999760477129558
2500.0,0.9999760477129558
2600.0,0.9999840318086372
2700.0,0.9999880238564779
2800.0,0.9999960079521593
2900.0,0.9999960079521593
3000.0,0.9999960079521593
3100.0,0.9999960079521593
3200.0,0.9999960079521593
3300.0,0.9999960079521593
3400.0,0.9999960079521593
3500.0,1.0
3600.0,1.0
3700.0,1.0
3800.0,1.0
3900.0,1.0
4000.0,1.0
4100.0,1.0
4200.0,1.0
4300.0,1.0
4400.0,1.0
4500.0,1.0
4600.0,1.0
4700.0,1.0
4800.0,1.0
4900.0,1.0
5000.0,1.0
5100.0,1.0
5200.0,1.0
5300.0,1.0
5400.0,1.0
5500.0,1.0
5600.0,1.0
5700.0,1.0
5800.0,1.0
5900.0,1.0
6000.0,1.0
6100.0,1.0
6200.0,1.0
6300.0,1.0
6400.0,1.0
6500.0,1.0
6600.0,1.0
6700.0,1.0
6800.0,1.0
6900.0,1.0
7000.0,1.0
7100.0,1.0
7200.0,1.0
7300.0,1.0
7400.0,1.0
7500.0,1.0
7600.0,1.0
7700.0,1.0
7800.0,1.0
7900.0,1.0
8000.0,1.0
8100.0,1.0
8200.0,1.0
8300.0,1.0
8400.0,1.0
8500.0,1.0
8600.0,1.0
8700.0,1.0
8800.0,1.0
8900.0,1.0
9000.0,1.0
9100.0,1.0
9200.0,1.0
9300.0,1.0
9400.0,1.0
9500.0,1.0
9600.0,1.0
9700.0,1.0
9800.0,1.0
9900.0,1.0
10000.0,1.0
10100.0,1.0
10200.0,1.0
10300.0,1.0
10400.0,1.0
10500.0,1.0
10600.0,1.0
10700.0,1.0
10800.0,1.0
10900.0,1.0
11000.0,1.0
11100.0,1.0
11200.0,1.0
11300.0,1.0
11400.0,1.0
11500.0,1.0
11600.0,1.0
11700.0,1.0
11800.0,1.0
11900.0,1.0
12000.0,1.0
12100.0,1.0
12200.0,1.0
12300.0,1.0
12400.0,1.0
12500.0,1.0
12600.0,1.0
12700.0,1.0
12800.0,1.0
12900.0,1.0
13000.0,1.0
13100.0,1.0
13200.0,1.0
13300.0,1.0
13400.0,1.0
13500.0,1.0
13600.0,1.0
13700.0,1.0
13800.0,1.0
13900.0,1.0
14000.0,1.0
14100.0,1.0
14200.0,1.0
14300.0,1.0
14400.0,1.0
14500.0,1.0
14600.0,1.0
14700.0,1.0
14800.0,1.0
14900.0,1.0
15000.0,1.0
15100.0,1.0
15200.0,1.0
15300.0,1.0
15400.0,1.0
15500.0,1.0
15600.0,1.0
15700.0,1.0
15800.0,1.0
15900.0,1.0
16000.0,1.0
16100.0,1.0
16200.0,1.0
16300.0,1.0
16400.0,1.0
16500.0,1.0
16600.0,1.0
16700.0,1.0
16800.0,1.0
16900.0,1.0
17000.0,1.0
17100.0,1.0
17200.0,1.0
17300.0,1.0
17400.0,1.0
17500.0,1.0
17600.0,1.0
17700.0,1.0
17800.0,1.0
17900.0,1.0
18000.0,1.0
18100.0,1.0
18200.0,1.0
18300.0,1.0
18400.0,1.0
18500.0,1.0
18600.0,1.0
18700.0,1.0
18800.0,1.0
18900.0,1.0
19000.0,1.0
19100.0,1.0
19200.0,1.0
19300.0,1.0
19400.0,1.0
19500.0,1.0
19600.0,1.0
19700.0,1.0
19800.0,1.0
19900.0,1.0
20000.0,1.0
20100.0,1.0
20200.0,1.0
20300.0,1.0
20400.0,1.0
20500.0,1.0
20600.0,1.0
20700.0,1.0
20800.0,1.0
20900.0,1.0
21000.0,1.0
21100.0,1.0
21200.0,1.0
21300.0,1.0
21400.0,1.0
21500.0,1.0
21600.0,1.0
21700.0,1.0
21800.0,1.0
21900.0,1.0
22000.0,1.0
22100.0,1.0
22200.0,1.0
22300.0,1.0
22400.0,1.0
22500.0,1.0
22600.0,1.0
22700.0,1.0
22800.0,1.0
22900.0,1.0
23000.0,1.0
23100.0,1.0
23200.0,1.0
23300.0,1.0
23400.0,1.0
23500.0,1.0
23600.0,1.0
23700.0,1.0
23800.0,1.0
23900.0,1.0
24000.0,1.0
24100.0,1.0
24200.0,1.0
24300.0,1.0
24400.0,1.0
24500.0,1.0
24600.0,1.0
24700.0,1.0
24800.0,1.0
24900.0,1.0
25000.0,1.0
25100.0,1.0
25200.0,1.0
25300.0,1.0
25400.0,1.0
25500.0,1.0
25600.0,1.0
25700.0,1.0
25800.0,1.0
25900.0,1.0
26000.0,1.0
26100.0,1.0
26200.0,1.0
26300.0,1.0
26400.0,1.0
26500.0,1.0
26600.0,1.0
26700.0,1.0
26800.0,1.0
26900.0,1.0
27000.0,1.0
27100.0,1.0
27200.0,1.0
27300.0,1.0
27400.0,1.0
27500.0,1.0
27600.0,1.0
27700.0,1.0
27800.0,1.0
27900.0,1.0
28000.0,1.0
28100.0,1.0
28200.0,1.0
28300.0,1.0
28400.0,1.0
28500.0,1.0
28600.0,1.0
28700.0,1.0
28800.0,1.0
28900.0,1.0
29000.0,1.0
29100.0,1.0
29200.0,1.0
29300.0,1.0
29400.0,1.0
29500.0,1.0
29600.0,1.0
29700.0,1.0
29800.0,1.0
29900.0,1.0
30000.0,1.0
30100.0,1.0
30200.0,1.0
30300.0,1.0
30400.0,1.0
30500.0,1.0
30600.0,1.0
30700.0,1.0
30800.0,1.0
30900.0,1.0
31000.0,1.0
31100.0,1.0
31200.0,1.0
31300.0,1.0
31400.0,1.0
31500.0,1.0
31600.0,1.0
31700.0,1.0
31800.0,1.0
31900.0,1.0
32000.0,1.0
32100.0,1.0
32200.0,1.0
32300.0,1.0
32400.0,1.0
32500.0,1.0
32600.0,1.0
32700.0,1.0
32800.0,1.0
32900.0,1.0
33000.0,1.0
33100.0,1.0
33200.0,1.0
33300.0,1.0
33400.0,1.0
33500.0,1.0
33600.0,1.0
33700.0,1.0
33800.0,1.0
33900.0,1.0
34000.0,1.0
34100.0,1.0
34200.0,1.0
34300.0,1.0
34400.0,1.0
34500.0,1.0
34600.0,1.0
34700.0,1.0
34800.0,1.0
34900.0,1.0
35000.0,1.0
35100.0,1.0
35200.0,1.0
35300.0,1.0
35400.0,1.0
35500.0,1.0
35600.0,1.0
35700.0,1.0
35800.0,1.0
35900.0,1.0
36000.0,1.0
36100.0,1.0
36200.0,1.0
36300.0,1.0
36400.0,1.0
36500.0,1.0
36600.0,1.0
36700.0,1.0
36800.0,1.0
36900.0,1.0
37000.0,1.0
37100.0,1.0
37200.0,1.0
37300.0,1.0
37400.0,1.0
37500.0,1.0
37600.0,1.0
37700.0,1.0
37800.0,1.0
37900.0,1.0
38000.0,1.0
38100.0,1.0
38200.0,1.0
38300.0,1.0
38400.0,1.0
38500.0,1.0
38600.0,1.0
38700.0,1.0
38800.0,1.0
38900.0,1.0
39000.0,1.0
39100.0,1.0
39200.0,1.0
39300.0,1.0
39400.0,1.0
39500.0,1.0
39600.0,1.0
39700.0,1.0
39800.0,1.0
39900.0,1.0
40000.0,1.0
40100.0,1.0
40200.0,1.0
40300.0,1.0
40400.0,1.0
40500.0,1.0
40600.0,1.0
40700.0,1.0
40800.0,1.0
40900.0,1.0
41000.0,1.0
41100.0,1.0
41200.0,1.0
41300.0,1.0
41400.0,1.0
41500.0,1.0
41600.0,1.0
41700.0,1.0
41800.0,1.0
41900.0,1.0
42000.0,1.0
42100.0,1.0
42200.0,1.0
42300.0,1.0
42400.0,1.0
42500.0,1.0
42600.0,1.0
42700.0,1.0
42800.0,1.0
42900.0,1.0
43000.0,1.0
43100.0,1.0
43200.0,1.0
43300.0,1.0
43400.0,1.0
43500.0,1.0
43600.0,1.0
43700.0,1.0
43800.0,1.0
43900.0,1.0
44000.0,1.0
44100.0,1.0
44200.0,1.0
44300.0,1.0
44400.0,1.0
44500.0,1.0
44600.0,1.0
44700.0,1.0
44800.0,1.0
44900.0,1.0
45000.0,1.0
45100.0,1.0
45200.0,1.0
45300.0,1.0
45400.0,1.0
45500.0,1.0
45600.0,1.0
45700.0,1.0
45800.0,1.0
45900.0,1.0
46000.0,1.0
46100.0,1.0
46200.0,1.0
46300.0,1.0
46400.0,1.0
46500.0,1.0
46600.0,1.0
46700.0,1.0
46800.0,1.0
46900.0,1.0
47000.0,1.0
47100.0,1.0
47200.0,1.0
47300.0,1.0
47400.0,1.0
47500.0,1.0
47600.0,1.0
47700.0,1.0
47800.0,1.0
47900.0,1.0
48000.0,1.0
48100.0,1.0
48200.0,1.0
48300.0,1.0
48400.0,1.0
48500.0,1.0
48600.0,1.0
48700.0,1.0
48800.0,1.0
48900.0,1.0
49000.0,1.0
49100.0,1.0
49200.0,1.0
49300.0,1.0
49400.0,1.0
49500.0,1.0
49600.0,1.0
49700.0,1.0
49800.0,1.0
49900.0,1.0
50000.0,1.0
50100.0,1.0
50200.0,1.0
50300.0,1.0
50400.0,1.0
50500.0,1.0
50600.0,1.0
50700.0,1.0
50800.0,1.0
50900.0,1.0
51000.0,1.0
51100.0,1.0
51200.0,1.0
51300.0,1.0
51400.0,1.0
51500.0,1.0
51600.0,1.0
51700.0,1.0
51800.0,1.0
51900.0,1.0
52000.0,1.0
52100.0,1.0
52200.0,1.0
52300.0,1.0
52400.0,1.0
52500.0,1.0
52600.0,1.0
52700.0,1.0
52800.0,1.0
52900.0,1.0
53000.0,1.0
53100.0,1.0
53200.0,1.0
53300.0,1.0
53400.0,1.0
53500.0,1.0
53600.0,1.0
53700.0,1.0
53800.0,1.0
53900.0,1.0
54000.0,1.0
54100.0,1.0
54200.0,1.0
54300.0,1.0
54400.0,1.0
54500.0,1.0
54600.0,1.0
54700.0,1.0
54800.0,1.0
54900.0,1.0
55000.0,1.0
55100.0,1.0
55200.0,1.0
55300.0,1.0
55400.0,1.0
55500.0,1.0
55600.0,1.0
55700.0,1.0
55800.0,1.0
55900.0,1.0
56000.0,1.0
56100.0,1.0
56200.0,1.0
56300.0,1.0
56400.0,1.0
56500.0,1.0
56600.0,1.0
56700.0,1.0
56800.0,1.0
56900.0,1.0
57000.0,1.0
57100.0,1.0
57200.0,1.0
57300.0,1.0
57400.0,1.0
57500.0,1.0
57600.0,1.0
57700.0,1.0
57800.0,1.0
57900.0,1.0
58000.0,1.0
58100.0,1.0
58200.0,1.0
58300.0,1.0
58400.0,1.0
58500.0,1.0
58600.0,1.0
58700.0,1.0
58800.0,1.0
58900.0,1.0
59000.0,1.0
59100.0,1.0
59200.0,1.0
59300.0,1.0
59400.0,1.0
59500.0,1.0
59600.0,1.0
59700.0,1.0
59800.0,1.0
59900.0,1.0
60000.0,1.0
60100.0,1.0
60200.0,1.0
60300.0,1.0
60400.0,1.0
60500.0,1.0
60600.0,1.0
60700.0,1.0
60800.0,1.0
60900.0,1.0
61000.0,1.0
61100.0,1.0
61200.0,1.0
61300.0,1.0
61400.0,1.0
61500.0,1.0
61600.0,1.0
61700.0,1.0
61800.0,1.0
61900.0,1.0
62000.0,1.0
62100.0,1.0
62200.0,1.0
62300.0,1.0
62400.0,1.0
62500.0,1.0
62600.0,1.0
62700.0,1.0
62800.0,1.0
62900.0,1.0
63000.0,1.0
63100.0,1.0
63200.0,1.0
63300.0,1.0
63400.0,1.0
63500.0,1.0
63600.0,1.0
63700.0,1.0
63800.0,1.0
63900.0,1.0
64000.0,1.0
64100.0,1.0
64200.0,1.0
64300.0,1.0
64400.0,1.0
64500.0,1.0
64600.0,1.0
64700.0,1.0
64800.0,1.0
64900.0,1.0
65000.0,1.0
65100.0,1.0
65200.0,1.0
65300.0,1.0
65400.0,1.0
65500.0,1.0
65600.0,1.0
65700.0,1.0
65800.0,1.0
65900.0,1.0
66000.0,1.0
66100.0,1.0
66200.0,1.0
66300.0,1.0
66400.0,1.0
66500.0,1.0
66600.0,1.0
66700.0,1.0
66800.0,1.0
66900.0,1.0
67000.0,1.0
67100.0,1.0
67200.0,1.0
67300.0,1.0
67400.0,1.0
67500.0,1.0
67600.0,1.0
67700.0,1.0
67800.0,1.0
67900.0,1.0
68000.0,1.0
68100.0,1.0
68200.0,1.0
68300.0,1.0
68400.0,1.0
68500.0,1.0
68600.0,1.0
68700.0,1.0
68800.0,1.0
68900.0,1.0
69000.0,1.0
69100.0,1.0
69200.0,1.0
69300.0,1.0
69400.0,1.0
69500.0,1.0
69600.0,1.0
69700.0,1.0
69800.0,1.0
69900.0,1.0
